x,y
-12.531,48.293
29.254,32.108
-28.397,30.691
-38.711,57.76
2.085,17.996
-7.874,-62.627
-11.496,57.876
58.063,-2.473
49.047,-9.202
18.828,-38.021
-50.477,24.67
-12.081,-60.938
-50.545,23.264
-14.164,-59.315
82.331,5.838
62.521,-20.442
16.283,-31.461
-9.102,-2.6
-16.274,-70.491
-21.855,31.697
-49.244,-12.615
19.368,41.876
-42.512,20.875
-45.126,-31.804
-4.057,50.759
15.922,44.845
20.911,25.675
-60.592,-11.406
49.534,-10.709
-0.887,-63.19
-56.013,-17.04
82.141,-19.773
64.382,-5.666
56.887,-6.123
7.532,-16.026
-47.303,-24.193
-14.347,17.52
15.742,6.979
64.672,0.802
48.084,-9.905
23.653,-22.993
-54.764,17.672
22.291,26.856
-49.537,26.833
-53.762,29.463
77.465,9.076
-51.741,4.505
-48.39,22.552
-22.942,69.308
24.924,-39.051
68.684,-16.847
34.377,29.336
0.819,-31.003
-6.923,-61.91
-1.907,-27.029
-57.379,-14.679
3.038,12.871
12.059,39.565
-12.07,-71.989
39.766,-2.962
20.649,58.369
-23.137,30.788
-24.765,-48.722
12.34,42.711
85.74,-3.982
-16.643,45.826
53.447,-18.867
-30.009,9.146
15.628,39.577
-52.814,-31.948
43.768,2.088
-4.707,-50.979
-15.079,-56.02
16.5,-41.62
-8.889,27.555
-3.373,-53.25
-59.56,38.309
-12.309,-52.705
-17.02,-49.243
-0.631,-40.386
38.011,-7.604
-45.157,0.259
-50.245,-35.105
-5.449,-46.061
-31.433,-2.88
-53.12,7.869
-8.851,62.9
-53.034,-38.099
7.879,53.851
-10.946,43.605
87.033,-12.252
5.531,47.345
38.311,-42.095
84.372,-8.594
-53.648,-38.002
3.14,-46.502
19.637,39.486
-49.533,-37.599
24.013,31.81
-53.554,-11.55
-49.079,-31.224
22.766,-6.821
-60.439,12.958
-51.533,-26.028
45.665,-16.217
53.754,16.372
-48.753,-30.473
46.309,-10.478
-5.761,-57.893
-60.754,28.256
-1.682,-70.847
-23.576,-37.87
82.047,-7.087
12.337,-8.81
28.444,15.463
30.515,19.015
-1.704,-1.075
-12.085,-38.7
-22.156,15.116
0.712,58.925
-19.876,-68.718
62.421,-12.737
28.34,-40.192
-28.369,-0.58
15.992,36.995
-45.516,-9.901
52.712,-3.866
22.686,-5.842
-42.147,54.438
82.9,-18.299
-6.602,14.573
78.697,-1.263
26.792,-22.172
81.092,5.343
68.83,-20.575
-52.569,-30.302
10.07,51.951
-7.475,16.782
-8.912,-27.885
9.355,43.607
19.862,53.52
-5.112,62.336
21.088,33.26
3.662,-45.489
-48.12,-24.228
-25.459,-63.087
2.697,-45.944
-41.953,-2.363
-13.142,64.211
17.221,29.177
-49.42,-8.611
-5.12,-50.471
12.395,18.199
26.231,4.615
6.055,-19.14
43.564,-14.226
-52.072,-24.991
-60.811,27.571
-50.339,32.607
-9.175,-61.876
9.146,38.615
3.92,-62.221
-44.686,-20.963
14.994,12.171
-14.793,65.203
-37.918,57.5
53.73,-13.683
4.145,31.785
13.565,-15.907
-30.385,-37.17
-57.45,21.087
-52.116,30.943
-2.007,-68.723
18.055,5.044
-50.195,33.638
21.313,28.86
56.122,-13.327
-52.672,-24.296
-28.404,56.047
6.809,25.285
0.595,16.373
86.83,-8.751
64.301,13.359
11.818,-9.431
-13.596,-31.135
20.343,43.735
85.555,-14.114
-21.055,44.954
80.999,5.14
-7.129,13.797
14.775,12.429
70.313,-23.13
-30.206,-50.979
-2.602,-56.694
17.774,-30.56
1.995,-38.239
-1.829,-40.099
11.666,56.156
-5.649,14.866
-7.339,-65.34
-8.055,-64.593
54.157,10.959
-13.697,-60.215
63.997,-4.618
23.652,24.861
17.024,-3.321
-28.782,21.467
-10.982,-31.797
85.038,-17.624
-13.035,-31.518
-68.74,11.668
-21.513,-66.172
-53.904,25.286
56.281,-14.369
65.078,2.3
58.393,1.579
-27.148,16.294
65.76,-17.134
86.114,-13.44
1.207,21.367
-63.171,23.166
24.221,-37.128
29.117,21.102
16.759,28.191
-13.281,-43.016
8.574,-12.352
43.094,-7.277
-12.347,45.981
-13.037,54.022
-1.908,28.465
-7.917,-43.019
3.387,-64.817
-5.832,55.775
21.542,4.823
-26.502,3.26
-17.161,48.682
18.904,-24.532
24.405,-37.333
47.047,-5.352
89.96,-12.523
-4.866,-59.047
-49.755,-37.436
-2.692,12.557
-54.399,-21.239
-62.822,13.918
45.868,-3.302
-20.492,39.534
80.117,-18.129
12.587,37.908
24.684,-29.439
11.792,29.96
2.242,9.485
-38.24,58.549
65.084,2.374
18.685,37.026
-51.721,-26.84
53.598,-18.835
10.337,-28.405
-47.59,-22.868
53.294,-15.316
-47.562,24.238
-32.265,12.223
-0.956,19.265
27.346,22.559
-62.563,-7.817
59.036,-2.919
13.13,-21.09
59.2,-3.057
32.003,15.921
-24.827,16.305
19.493,24.763
-36.892,56.629
53.52,-5.323
-57.781,-35.84
22.448,2.193
7.769,17.445
-55.095,4.517
15.653,6.903
-62.293,36.119
42.002,0.31
63.465,-9.441
11.759,-23.264
-11.542,-30.04
-38.067,14.826
12.766,31.116
-33.597,24.747
64.883,-6.812
-5.172,-0.435
7.19,-17.71
24.86,-26.344
49.492,1.238
27.046,-47.257
44.815,-8.392
-26.961,12.956
12.429,29.566
14.62,36.791
-19.479,-46.82
-58.785,4.29
47.799,-3.81
-29.148,-61.136
21.296,-35.127
17.276,-25.229
33.309,8.241
-21.621,34.882
-55.558,-13.916
-18.721,-60.556
67.539,6.503
0.004,-37.773
-60.365,35.539
20.556,-29.425
-24.749,22.617
18.671,16.523
67.356,5.119
15.667,40.671
-2.937,53.149
6.042,21.062
10.322,17.729
-60.16,-11.957
-56.707,-35.532
22.442,14.889
-13.966,40.778
3.43,-64.796
-23.03,18.471
-27.832,18.406
41.984,0.239
20.173,28.645
-24.752,-44.328
1.313,-20.337
-21.076,-47.476
26.503,-26.084
-21.959,31.968
7.093,14.283
-48.058,-17.588
81.987,-17.011
88.212,-11.892
26.408,37.884
-55.819,-27.027
-22.716,-42.495
-50.442,33.615
-1.432,-37.223
68.947,6.271
22.844,-31.445
-19.339,58.656
14.846,-8.295
-10.337,-51.286
-48.806,-19.684
-52.682,27.351
62.806,2.292
-10.748,-43.303
3.457,-61.157
-11.22,-46.686
18.451,-3.427
-5.719,-40.883
-17.264,25.717
19.186,31.681
18.787,-39.943
-3.917,-50.22
-49.314,22.64
-49.394,22.943
-31.165,13.626
-5.489,57.329
9.961,41.098
-54.203,-32.115
44.695,2.409
-12.664,-31.503
44.642,1.38
-25.215,22.95
24.109,10.525
5.886,13.324
23.934,40.287
-7.981,-34.064
-16.792,-52.337
-6.464,-2.388
-29.192,9.519
-53.266,-34.316
71.113,5.91
23.587,14.053
-30.695,12.892
-12.303,-13.604
-59.277,-15.287
-19.964,-55.598
-22.07,68.104
69.783,3.285
-9.642,41.244
58.458,3.327
-64.335,11.768
-27.058,-38.887
-30.154,36.227
-2.442,27.843
-29.296,43.687
-20.156,12.042
-10.019,-33.782
-36.499,62.897
-58.503,38.879
-63.697,-12.643
21.342,-12.235
-54.386,-22.697
-38.24,-16.659
-51.244,3.442
-5.603,40.703
32.477,8.857
-29.467,51.322
-1.994,-28.19
-25.06,-52.236
4.715,22.84
4.844,-57.35
-14.731,55.485
-28.937,37.242
-9.13,-49.416
-62.852,25.786
3.129,-11.986
31.235,21.758
18.341,32.573
-69.803,13.588
-23.445,42.542
-15.896,-41.634
-6.844,-47.172
79.994,-13.548
-18.922,37.672
38.179,-7.506
6.682,15.503
0.77,-28.381
85.81,-11.745
-6.055,-29.132
-64.209,25.987
27.449,11.122
46.874,2.101
19.975,15.017
59.081,2.719
-24.81,-63.765
-30.654,26.709
-15.918,47.886
-14.788,43.64
-23.054,-3.299
-2.505,-0.683
9.107,23.72
85.772,-9.24
-62.528,24.298
24.053,0.194
-25.977,-64.405
16.769,-35.629
53.183,-15.739
11.845,13.565
-26.226,-31.808
-29.23,8.545
66.993,-14.001
-8.07,-3.733
52.398,-6.056
-15.738,17.741
16.784,-6.116
79.9,-16.611
-53.914,-26.472
-27.827,-63.405
-29.108,-57.749
6.453,29.748
81.734,5.365
30.55,24.771
-37.901,62.759
-17.217,41.881
-28.413,-0.603
-7.006,-7.205
-46.657,7.601
67.709,5.098
27.706,-2.781
-47.433,-23.073
10.141,1.534
73.274,-27.166
-4.97,-47.117
-2.972,-65.611
-18.235,43.399
-63.081,14.014
-6.368,55.674
-15.888,48.012
82.096,-10.127
-50.259,-1.499
46.136,-12.078
30.186,26.538
-18.011,49.852
11.137,39.011
-54.121,-26.682
-11.12,-39.398
-37.086,34.122
-5.8,-40.668
-59.204,2.862
20.677,36.944
-18.613,-68.363
23.469,-21.572
-44.538,-22.669
28.266,5.965
78.479,-1.669
26.4,21.691
64.124,-8.194
-5.807,-55.53
18.332,54.144
-60.513,-2.275
11.218,31.197
-50.138,11.383
20.483,57.514
-51.968,-23.473
-52.318,13.196
-59.18,36.687
-5.553,2.49
17.516,-14.815
-29.142,-52.629
2.227,-11.283
-15.01,7.114
-18.398,-68.268
-12.342,6.09
35.405,24.429
-55.239,-23.307
11.971,32.937
-5.525,-9.432
-16.437,-68.836
-11.396,38.014
-60.348,15.607
-11.735,-61.759
20.427,14.362
11.531,-8.669
83.754,-5.247
17.207,-32.12
-62.965,19.4
-32.417,50.237
-62.031,30.027
-39.992,-2.359
-28.567,22.466
54.299,-6.693
-54.797,-25.433
-0.358,-36.131
-3.173,-38.697
54.937,-16.269
18.671,37.329
-16.634,57.297
-42.469,-3.244
-21.029,-58.394
26.038,27.721
68.586,-24.626
-60.24,4.903
-28.118,53.284
-18.513,-31.899
22.418,17.85
-32.3,-45.729
1.038,-37.835
68.95,3.9
61.196,-2.526
-1.368,-31.205
14.77,30.105
82.462,1.461
16.814,-10.153
-4.963,60.019
-8.528,36.088
-1.068,23.004
16.984,-29.424
-28.468,61.423
-10.497,50.661
-47.729,18.296
27.127,37.01
-17.593,-54.513
-58.506,-16.089
22.031,39.724
24.908,-36.547
-24.215,54.25
20.838,-11.591
19.372,-12.161
-34.14,-19.999
-6.222,-45.995
-37.465,60.877
60.041,-9.66
-36.47,-14.894
-70.17,14.09
-29.787,-57.617
-51.106,-14.882
52.423,-12.201
-31.214,-47.221
65.818,-4.239
-57.857,15.181
-6.553,-57.511
32.41,6.809
-20.785,33.795
68.036,-28.137
6.517,41.476
29.469,22.958
-21.06,67.566
-34.576,-1.991
-12.997,-27.259
-27.659,18.511
57.785,-11.828
53.087,0.259
13.64,28.871
-49.782,-35.07
38.22,-4.224
6.873,15.53
18.41,-33.175
31.885,37.8
37.155,24.901
-22.719,72.328
-44.885,3.459
-38.79,-15.593
-24.975,-56.301
-23.091,33.774
77.933,-10.97
-30.312,48.841
20.963,-3.092
52.097,-13.879
6.784,-33.966
1.184,-54.752
13.542,50.353
-7.479,-8.476
-66.477,-1.222
-60.94,-18.172
11.012,-23.122
-23.264,-63.002
-63.698,27.085
19.813,9.602
-63.457,28.084
80.119,8.795
64.157,-8.174
49.388,-19.226
6.672,54.756
-57.295,-12.18
2.717,42.468
-10.651,50.431
-15.723,-32.931
-28.652,-50.613
-11.875,-8.673
-43.079,54.057
-60.437,-12.119
-8.889,-27.558
-18.965,-37.637
-25.046,-58.911
17.935,-40.261
-25.418,47.354
-11.16,-58.776
8.312,16.978
-20.795,63.605
-27.03,30.564
-4.969,-38.046
-17.202,28.119
14.688,49.725
74.242,-15.462
79.473,7.976
-2.825,-68.908
24.072,-28.873
-57.047,40.215
3.472,-32.963
-7.269,-30.968
-44.113,-14.036
-18.179,37.219
-20.848,13.284
-10.298,49.471
-36.572,-8.747
17.764,12.313
-10.482,-40.151
-49.553,11.398
60.737,-11.27
70.239,-21.581
64.75,-9.866
-6.231,-6.464
87.267,-7.768
-28.589,8.113
5.96,21.006
83.106,-6.611
-37.216,65.406
-19.722,52.279
18.415,19.589
21.66,2.29
17.905,-40.182
-56.717,36.557
-29.502,43.773
-19.485,-56.736
52.954,-14.281
30.259,16.929
-28.597,47.581
4.661,-20.245
-56.704,34.836
65.862,-1.898
-17.235,-6.925
69.973,-3.642
-38.586,-13.714
-24.846,-60.031
-29.107,56.669
7.405,9.346
-54.922,10.771
-18.179,55.65
12.255,39.99
70.226,-11.995
46.642,-3.795
-7.363,-3.724
-27.421,12.231
-4.628,-64.952
52.041,6.002
-13.27,-7.834
16.16,62.779
-1.937,-52.074
-53.226,-34.376
-6.912,-5.198
64.593,-8.477
8.721,-10.055
-4.846,50.503
12.749,12.031
-16.602,-68.684
56.388,-2.697
49.255,-1.619
19.5,58.164
-8.433,-72.623
68.069,-26.816
-11.665,49.948
-47.036,18.919
-58.613,32.604
71.37,-9.23
22.546,-19.002
-48.904,-2.717
75.823,11.112
-36.514,-5.446
48.118,-9.979
-21.608,-41.143
15.857,60.899
3.364,-53.586
63.413,-6.218
-1.608,-3.752
3.195,-20.625
-37.092,65.256
-35.343,2.033
-35.371,-12.685
-18.414,-56.251
-53.54,-26.298
-6.543,-6.889
-29.225,-40.769
-16.889,-54.357
47.036,3.093
-57.503,13.625
-61.479,-16.248
-49.39,-8.971
0.109,59.927
-36.617,-10.273
-49.099,12.695
31.468,29.74
-68.163,8.96
-3.564,13.823
-21.386,-47.421
28.459,-36.927
22.225,28.446
-5.492,-2.599
-49.665,4.685
61.301,-7.376
-24.791,-59.478
20.175,-13.103
17.592,-6.632
-8.091,-49.686
-34.163,24.495
68.244,7.184
-24.171,58.541
23.733,-14.593
-15.378,-29.82
18.3,-30.976
-4.287,-41.104
-47.712,-21.409
-25.999,33.949
16.989,-31.182
8.035,7.668
-47.926,-15.38
14.633,42.299
53.757,16.711
52.304,-6.709
13.439,17.745
11.642,31.882
-52.467,0.708
-33.246,12.351
-7.402,-45.029
-52.684,-22.884
24.697,-3.712
-43.776,-13.828
-34.206,31.045
20.7,33.531
-0.523,40.533
-3.136,-10.308
15.235,15.905
55.195,-11.02
-28.447,57.501
-53.642,-16.917
-4.267,53.414
-28.422,-45.04
-17.408,2.31
1.352,20.983
-6.578,14.332
67.23,-9.886
7.847,-5.651
-27.347,30.009
8.548,35.429
42.889,-1.21
-51.41,16.667
-12.992,-41.296
-59.793,26.993
5.6,-20.009
-7.055,-0.427
22.521,-18.362
-56.868,32.067
-11.248,8.003
56.564,-13.026
-60.845,20.801
-39.986,-4.518
78.395,-7.7
37.054,32.156
-30.903,-47.905
68.685,-27.484
25.29,40.738
-6.978,-51.376
-12.387,-57.464
8.745,-13.98
84.13,-20.407
-12.975,-55.049
16.948,-6.303
49.798,-20.573
52.903,-15.86
-44.966,-14.572
-57.249,35.281
-54.967,-2.678
44.274,-14.285
-34.633,36.051
-4.76,-42.948
-25.655,12.228
19.81,53.498
-29.072,59.174
17.184,-23.517
65.337,2.661
-33.637,42.518
0.006,-36.612
0.499,-31.211
-29.987,-51.695
-63.45,-20.285
-19.511,57.699
-47.599,-14.715
74.932,5.305
-26.799,30.503
-14.023,-45.996
26.556,-21.48
18.218,33.284
2.405,-63.181
8.316,33.358
68.831,-19.829
-5.475,-64.526
4.856,14.536
-57.434,38.124
25.568,14.862
70.197,13.541
9.171,7.602
-2.901,14.855
-5.184,12.758
-13.58,-70.154
51.458,5.287
-23.717,-54.712
31.185,3.867
69.858,-3.295
-0.818,-70.924
31.476,20.096
-46.991,-0.43
-3.501,-57.02
-59.169,-7.936
69.838,-13.853
-22.078,40.083
22.03,35.58
-15.028,7.057
14.589,31.856
-6.237,-46.65
-1.626,-27.016
-16.322,-70.391
19.522,-12.657
-9.002,-40.385
71.109,4.949
-17.622,41.582
24.476,10.624
-30.589,37.499
20.308,-23.045
0.511,22.545
-4.554,50.522
19.227,-24.05
-29.036,20.431
23.472,-34.448
-18.581,-31.679
18.476,-21.904
14.441,33.264
87.547,-15.921
-46.919,17.474
-22.903,68.225
-47.344,19.165
10.842,-28.953
-19.825,-67.601
65.24,1.327
-11.403,-64.63
53.032,-11.369
-51.056,27.169
-13.344,-54.128
28.804,28.663
-51.2,-19.799
20.292,-20.138
-2.976,14.395
-8.234,49.727
2.836,-10.47
-22.205,64.145
-53.01,25.192
-44.468,-23.171
-23.305,70.75
-19.471,18.779
3.632,4.504
-17.537,37.071
44.243,-3.774
65.008,-11.86
5.318,14.899
-11.463,5.233
1.162,54.422
14.444,36.749
-15.478,-27.308
-39.335,-4.756
26.326,5.305
21.007,0.22
16.759,-35.836
59.682,-25.837
13.963,37.817
-20.588,-33.252
-6.415,58.559
44.567,-5.14
-59.828,-13.067
46.433,-15.557
-59.425,36.584
33.523,29.398
14.226,48.429
-37.649,-15.044
-16.995,28.645
-7.631,26.737
8.023,61.802
9.604,31.21
26.429,-5.188
-63.105,-2.982
16.923,1.886
-48.86,-25.294
-63.306,12.119
67.398,-19.32
-4.585,19.297
-20.887,33.337
59.921,-8.854
-62.923,11.562
9.023,-17.853
-35.943,60.079
-12.31,47.253
25.492,-7.297
27.43,31.648
71.076,-1.222
53.495,15.784
6.85,16.58
-39.496,-5.056
-51.048,17.129
-47.602,-33.094
-24.724,-53.596
-63.019,35.225
-53.184,-14.716
76.931,-1.011
27.231,25.962
18.622,-0.718
50.096,-3.208
-28.449,23.408
16.464,42.758
-5.717,-69.596
-4.946,-61.539
-51.079,28.598
-31.586,7.461
-31.005,-9.189
-35.377,42.007
-21.228,65.812
35.079,28.339
25.433,29.414
38.305,-42.101
-13.183,-52.74
18.494,-36.593
-3.875,-53.794
-45.56,-13.066
-7.697,-57.145
25.905,8.065
-16.283,53.27
24.729,3.603
-45.17,-5.963
-46.911,5.683
79.953,-16.632
-47.042,17.807
2.376,36.075
-16.968,-59.614
-2.046,-1.986
2.083,-44.709
-19.3,33.475
16.189,-27.199
46.679,-14.161
72.379,-20.406
-24.163,-3.084
-52.739,-31.236
13.091,9.126
-1.134,32.083
-17.19,32.773
-23.77,18.59
-17.165,-52.084
87.363,-2.944
-49.473,5.207
-49.155,-30.61
-51.035,-33.619
-0.081,38.875
-44.149,-25.044
-5.338,40.387
-11.811,49.348
28.325,-0.722
-18.748,68.821
-60.378,-3.321
-33.521,24.375
-60.449,4.808
-57.405,-35.927
-64.153,17.207
-13.098,-43.69
-2.689,-40.486
-59.056,30.074
-17.421,-69.977
-13.919,62.539
-42.813,-4.554
1.887,-34.894
44.718,-0.222
23.408,-28.708
-9.834,-49.149
86.767,-17.691
-19.676,35.844
69.57,8.693
23.818,16.831
55.384,15.151
-7.104,53.407
18.707,-23.888
58.921,-1.066
-24.403,40.851
20.369,-31.105
-54.123,-28.482
36.005,-13.665
-46.691,9.692
83.016,-5.649
20.907,-16.126
-34.082,20.751
-5.423,36.483
-33.979,-5.289
29.169,17.373
-52.468,-13.02
-49.856,26.668
24.454,38.471
-8.738,-12.74
71.389,-15.877
67.596,5.17
2.115,45.235
20.231,2.804
-46.632,2.667
-46.305,-3.735
15.979,-8.9
-24.018,-43.702
-52.91,22.615
49.047,-10.428
-9.398,57.176
25.401,-32.731
13.937,30.651
65.77,-13.047
-16.936,-7.711
68.388,-3.833
68.157,-23.881
5.37,15.987
17.135,26.719
11.532,62.279
-10.695,-11.391
85.701,-2.794
9.972,29.607
51.094,4.479
-28.093,30.965
56.184,7.079
22.836,5.667
-42.931,-23.887
23.441,-33.227
-8.72,34.556
-15.029,-9.855
-12.892,-57.758
-22.744,-37.949
-5.077,-67.14
15.554,58.711
14.036,-3.399
23.317,22.452
-3.535,60.047
15.173,33.145
6.323,-17.839
49.203,-16.459
-47.322,-29.493
23.354,-28.486
27.836,-41.662
28.417,-38.701
11.347,48.28
-13.384,-59.477
-25.117,33.805
-16.482,27.908
58.296,-3.064
-8.373,-54.301
4.437,-61.792
-47.165,-4.977
12.396,18.494
-13.175,62.877
70.921,-27.317
21.677,-39.538
44.837,-16.381
-55.702,-25.603
-7.325,-68.158
20.362,-33.973
18.733,-25.723
-21.642,-68.752
-15.952,32.424
29.262,-33.216
-8.813,39.988
-63.138,24.107
50.98,-4.219
-52.064,17.727
-54.387,-30.238
-23.308,38.163
-59.981,-15.372
10.332,35.956
73.454,9.329
-48.716,-2.123
8.85,58.451
27.871,27.25
-36.585,56.164
21.639,-41.791
43.54,3.602
15.53,37.286
-15.603,-35.325
13.493,23.728
33.175,23.234
-50.785,3.703
1.07,-37.85
-54.351,-16.739
-32.26,-46.167
-42.033,-5.363
0.225,15.867
-9.009,-28.807
13.741,56.896
22.718,28.127
18.958,17.645
-32.661,36.528
60.757,5.336
22.417,-5.168
-2.879,-67.257
-17.917,37.552
10.153,-14.898
17.033,34.277
-8.62,-41.485
40.943,-4.493
54.255,10.653
14.674,39.746
14.075,-16.638
-52.749,-27.847
-2.245,18.519
13.478,-32.297
22.274,-17.083
-12.344,-57.204
51.7,-9.021
-49.815,-16.287
3.859,-38.828
-64.267,23.841
-29.449,61.238
-6.403,-63.695
5.386,9.639
79.375,-14.266
-47.47,-30.104
-22.322,66.055
-23.711,51.691
-19.716,57.552
7.788,11.819
-15.263,46.657
-34.864,31.228
-21.186,57.596
68.347,-1.682
-4.279,-5.421
6.701,-12.435
80.846,-25.472
-8.494,-39.241
-14.684,-33.646
-13.263,42.976
19.327,13.589
-17.06,34.075
-38.434,-11.013
-49.704,37.451
-18.179,50.253
-16.837,48.199
80.016,6.872
-7.343,-2.319
18.161,3.103
88.222,-8.337
-37.361,24.466
66.387,0.678
-12.599,-45.975
-17.007,-51.599
76.892,-17.901
61.983,-8.478
-24.986,-44.43
-36.876,40.604
-33.848,-5.289
16.048,49.025
-34.096,-8.505
22.444,15.533
67.589,0.895
-48.17,33.05
47.822,3.928
54.69,-0.622
85.75,-11.841
-15.871,55.791
22.597,-38.602
0.13,-35.814
-44.288,-14.081
9.897,-7.716
-21.766,-64.818
-20.408,33.676
22.97,8.852
-28.879,31.805
-31.234,53.138
2.343,15.943
-17.089,56.197
81.142,-4.413
-6.041,-38.726
-11.216,-63.557
20.146,1.872
-54.259,2.442
81.966,-18.19
-48.818,12.537
-27.681,19.781
-13.611,64.552
18.84,27.862
-36.188,40.968
-11.884,-63.965
10.608,-5.692
27.903,-41.516
-52.835,-35.059
-25.472,-60.591
-36.333,55.4
-13.494,43.876
-51.297,-26.666
-38.383,61.597
71.134,-3.685
-4.551,63.06
-45.719,-12.033
-7.762,47.91
-56.011,38.66
-13.035,-39.083
-3.43,-57.016
-21.534,-37.144
-10.511,6.811
-0.326,-32.0
84.083,-18.12
-28.852,55.314
-50.998,34.632
1.539,-37.26
27.326,31.095
-11.621,-7.854
-9.133,56.743
-48.319,-33.248
28.314,34.774
-1.056,-35.528
-44.408,-15.34
1.672,-56.643
-8.983,-33.351
33.765,28.47
79.462,2.128
-30.025,54.737
-21.129,-50.528
-46.149,5.749
6.425,-60.101
8.436,11.403
-47.093,-19.743
-52.041,14.168
-0.477,14.288
63.406,-18.768
22.511,-31.977
-18.632,-36.691
26.096,-0.023
22.086,-38.335
-55.322,-36.454
-12.811,-7.809
69.358,-29.509
-17.841,-58.563
44.386,-3.944
90.528,-12.522
-25.68,-53.887
89.577,-9.114
-45.564,-8.051
-63.221,15.866
-37.683,-15.107
-48.424,15.33
-23.65,51.704
-28.73,54.813
-20.649,-19.845
1.59,17.869
-3.952,38.099
75.052,8.456
-8.025,59.081
19.948,-29.28
35.413,12.161
-49.304,3.682
62.73,0.931
75.593,0.441
-5.074,-56.027
-5.734,52.897
-28.56,57.912
20.625,58.666
10.83,52.016
-64.224,13.916
-10.533,23.371
-27.948,60.205
54.063,2.04
24.545,29.583
14.722,-2.809
11.608,7.619
26.546,21.593
44.663,-11.609
-66.731,17.336
8.8,62.015
24.398,-12.67
35.27,33.629
78.473,6.147
67.492,-8.933
-48.641,-2.312
16.13,-7.086
62.362,-1.725
-21.711,-52.772
-57.103,-7.818
-61.172,0.12
18.665,34.182
23.516,-23.979
-52.026,31.505
6.52,-9.772
-8.098,-37.602
11.428,28.122
-21.077,68.389
-49.831,-15.929
70.709,1.859
-30.037,25.31
-55.15,-3.548
-0.564,12.307
12.508,13.43
33.412,30.678
-63.607,27.284
21.306,29.269
-64.181,-10.948
-51.483,-32.71
16.177,-7.714
-49.003,26.299
50.094,6.639
-60.915,-0.668
32.777,8.616
-47.764,34.968
-19.064,57.971
-54.105,-31.815
-3.356,-34.084
84.433,-11.361
-26.66,30.264
-64.766,-1.237
35.679,24.755
17.982,-4.755
22.109,37.829
-29.42,-51.694
-20.55,13.155
55.384,-0.715
21.492,40.145
12.869,7.335
43.935,-5.857
14.498,41.903
76.541,4.856
-25.356,40.122
-32.535,9.734
12.727,47.493
-64.79,4.632
54.286,-7.526
-23.278,45.385
3.218,-53.265
-20.339,12.466
50.937,-0.633
-62.657,7.783
-51.149,-14.83
7.412,-10.715
-29.832,50.768
10.162,19.186
30.65,31.093
52.564,-15.951
-52.589,16.535
21.963,42.173
-18.138,-67.583
-57.031,-6.669
-6.445,-46.8
56.347,-6.286
26.557,2.508
-44.676,27.212
-51.077,-27.96
68.423,-7.354
9.696,18.2
-6.148,-6.808
4.794,-62.993
-6.805,-53.143
-10.792,58.038
-44.165,53.108
-20.385,-49.324
-14.358,47.368
51.934,5.602
-64.103,-10.924
-52.912,4.343
7.983,61.05
-59.456,22.823
-4.769,15.937
-31.239,11.576
-19.613,52.224
-57.78,20.947
-28.511,-58.046
-27.537,56.272
-48.197,-3.29
25.738,30.94
3.239,23.952
-2.838,39.23
77.411,-19.243
-49.788,7.942
-47.074,17.889
-29.873,41.15
-3.409,-4.386
-44.97,54.11
-46.63,-33.437
-4.308,-63.527
17.31,-16.699
-32.657,36.245
13.808,-3.564
-31.898,11.995
15.476,36.397
27.33,2.519
-32.881,31.953
-47.311,-20.568
-18.139,2.111
-48.26,-35.139
-35.871,61.959
-14.223,17.49
-24.864,-47.912
-56.472,-36.785
85.716,-16.409
-12.947,-25.028
-24.145,-46.022
29.168,32.144
-9.53,-5.269
-55.379,-34.537
-6.629,-61.043
-49.725,-29.232
-46.296,-8.738
46.699,2.13
-55.482,2.432
-38.879,0.138
62.473,-10.214
-47.661,9.172
-7.005,-5.427
-60.97,-1.572
-1.652,-43.61
7.356,39.864
64.622,-10.607
62.554,-20.32
-31.27,13.569
-16.371,-54.292
70.409,-19.42
-28.942,-36.567
-52.681,-8.572
74.886,-0.289
19.453,-10.705
-16.269,-49.372
-27.626,-12.849
-48.996,6.049
-63.584,19.704
-38.918,-0.181
-64.76,4.987
-14.517,-47.808
-13.293,-19.213
19.125,42.564
-61.862,-5.712
34.119,10.121
-26.59,3.749
15.701,55.687
-61.565,-6.106
-43.288,-19.378
-20.931,34.324
-48.964,-25.66
-17.761,-16.98
-33.745,28.145
-35.08,23.646
60.916,-0.442
-11.531,-3.815
-29.802,-51.402
-16.493,7.005
8.935,38.402
14.012,59.401
-18.201,68.811
4.871,-38.521
-23.632,-54.801
5.395,-60.698
77.963,-21.618
-56.176,33.991
0.906,14.858
-54.824,-26.012
15.153,58.489
69.698,-5.049
-13.111,35.626
-37.654,-14.976
-27.899,48.356
-17.784,56.214
28.463,-3.124
14.79,2.87
-54.918,6.461
-7.685,-67.025
6.998,36.291
-55.737,-32.639
-43.229,-15.114
21.525,-38.713
68.294,4.944
79.622,-12.048
5.019,23.648
-45.756,-4.17
78.719,-10.551
45.963,-15.347
0.432,52.752
-5.755,-36.709
-8.763,-33.975
56.826,-6.257
83.718,-12.193
-16.258,-55.827
51.391,-17.384
81.444,-17.877
-46.758,-22.23
34.328,8.306
-28.75,-50.345
70.591,5.63
82.985,-3.519
21.056,1.912
-48.431,33.581
-50.41,18.537
-43.357,-29.562
-28.979,53.769
7.944,60.704
-60.9,-0.3
-8.607,62.962
1.435,-54.624
5.059,4.578
-13.635,-60.781
19.066,17.947
-8.317,49.844
-51.714,-36.427
71.195,-30.173
18.071,-15.367
31.991,10.748
-39.035,-2.099
-27.364,61.044
10.946,-43.578
-2.835,-71.929
25.434,29.504
28.257,22.81
-6.897,-51.458
-5.057,-2.389
-1.239,-61.407
79.471,-22.716
-51.055,8.449
-10.469,-6.558
-3.862,60.323
-0.027,-31.498
-53.774,-22.614
-19.454,-42.415
-12.955,-31.778
19.769,53.459
-8.888,-9.048
8.053,56.264
-17.563,30.96
-61.019,30.73
74.685,-16.985
5.724,-9.267
-57.097,37.976
-54.961,-2.471
-16.554,-51.527
-37.831,14.503
-39.142,10.189
-9.496,-2.19
-29.323,-61.127
36.38,5.662
-5.636,-68.724
-10.592,6.8
13.421,0.363
-11.106,-13.07
-52.696,-24.945
63.89,-7.779
18.537,-3.888
-28.366,21.9
10.591,-0.836
-12.149,45.78
18.049,-29.408
-54.703,38.127
-5.786,-38.437
30.532,-37.073
15.107,43.48
-9.22,-67.087
18.751,17.101
-24.961,-38.068
-24.206,-50.867
36.824,7.71
52.376,0.185
-32.433,41.975
-31.777,11.316
-1.06,33.927
-21.615,65.01
-4.953,33.654
70.764,-18.027
-6.601,-65.577
19.182,-36.717
17.574,-34.956
-32.039,-29.621
87.518,-12.738
69.555,0.77
82.173,-11.429
-11.17,7.985
47.436,-14.935
54.333,13.692
-50.45,24.559
70.806,-29.856
0.372,59.799
83.565,-15.079
10.687,40.856
84.031,-17.102
7.503,5.002
-1.8,6.925
24.916,-1.938
-53.539,28.496
-50.35,-27.088
-62.69,-7.811
-53.118,0.964
-21.068,-52.927
21.06,32.987
14.871,16.011
27.419,-35.199
-29.368,-63.836
-15.814,59.664
-21.513,-52.532
-17.56,-35.762
-33.631,28.04
-55.312,-27.523
-4.874,-6.065
5.31,24.356
86.694,-10.923
11.609,7.699
-20.446,18.236
6.107,33.548
-52.638,-31.21
-6.692,59.845
-64.706,5.707
19.986,36.552
17.093,24.957
-50.737,22.78
-6.994,14.31
24.379,-15.539
33.29,29.253
-49.322,-10.82
-4.778,-65.591
-19.467,-67.865
-28.852,-41.51
-5.756,60.088
-51.974,5.074
21.164,4.783
-47.645,1.341
-39.227,10.185
13.471,36.166
-17.274,54.328
-44.713,-9.986
63.678,-16.197
12.292,37.929
-65.286,24.946
87.688,-8.035
-54.363,-8.164
75.493,-16.6
-4.938,50.602
-19.473,46.772
-57.849,10.922
26.916,-9.0
18.523,-23.645
-15.432,-38.339
6.545,42.435
-48.536,4.446
-23.443,18.533
-22.268,-57.202
-9.648,-36.321
57.964,-11.879
2.171,-65.906
-47.863,-12.026
-62.413,24.213
-37.371,61.373
68.41,-15.019
-37.441,61.031
-52.973,7.386
24.68,-39.789
-53.719,13.231
-10.736,55.217
3.256,52.065
66.807,-14.965
-35.031,36.215
51.618,-12.228
24.439,-27.245
-58.201,36.432
-47.308,6.898
6.911,17.96
3.847,43.378
3.161,-61.113
-2.295,14.736
-31.739,50.934
56.673,-4.267
-63.901,19.553
69.86,-16.556
-36.391,-14.523
-57.921,40.011
2.417,-45.55
40.85,-8.193
-6.904,-61.684
-26.298,-68.461
10.528,7.0
33.58,28.897
-60.169,0.309
-1.664,21.656
-33.992,25.727
-2.912,-27.945
18.939,32.437
10.962,39.174
-63.642,-12.254
-47.138,-14.681
76.295,5.218
39.97,-6.656
-54.681,-18.128
-62.847,-5.106
-30.285,-52.552
56.316,-1.263
2.666,-60.777
24.525,39.159
-17.76,58.916
-53.033,-36.193
-21.259,63.338
20.098,-23.987
-14.76,-45.139
-64.282,0.377
-11.571,-12.347
-55.379,11.485
18.667,-34.389
2.245,-38.024
16.63,-24.952
-14.54,39.917
-63.018,-17.251
-11.496,44.612
9.584,27.51
34.917,28.598
28.856,21.203
-61.335,-1.513
65.956,-16.802
-54.55,-14.334
38.465,11.837
26.7,-4.339
69.512,-19.202
-1.612,-53.274
33.669,4.902
6.191,35.45
70.08,-27.365
23.865,-45.096
28.368,-35.818
-23.752,-64.25
20.051,-11.888
3.218,32.357
-26.34,17.755
16.814,-10.27
-8.649,7.519
-13.407,6.757
-15.62,-70.654
-5.153,-59.646
-46.443,7.746
-52.242,-7.116
-30.279,36.366
-48.724,1.386
-59.202,-13.812
8.759,-13.649
-5.212,-34.827
-18.912,-69.989
31.424,28.692
-16.656,-38.563
-2.917,-27.18
-14.844,-42.755
54.292,-2.603
41.162,-3.327
-32.222,-34.775
-32.007,11.192
13.689,-25.21
-15.456,-70.683
59.878,-9.322
-29.564,-64.202
50.209,0.336
-56.991,-2.776
-27.956,6.25
-57.522,39.842
9.28,9.699
55.431,-9.031
-40.08,-9.951
24.185,-29.418
-1.794,51.001
-18.837,-30.23
-26.64,4.044
9.798,32.32
-30.663,38.75
10.331,17.979
-49.714,-1.717
-19.328,61.789
-12.855,25.604
67.348,-23.183
76.207,3.684
-37.91,-6.813
7.05,-22.144
-61.963,11.817
81.753,-14.425
1.533,18.39
23.863,31.746
-27.165,51.009
-69.982,14.002
12.602,47.553
-44.12,-27.182
20.215,33.19
54.704,-13.503
-36.617,-14.269
-11.905,49.505
-27.326,58.405
-39.525,-9.175
-58.972,-15.303
63.603,-8.317
-4.782,17.656
27.943,4.033
3.44,-32.981
-13.146,-62.61
25.065,12.201
-9.635,-9.505
26.137,-20.304
21.681,34.817
-1.712,-61.166
-10.852,61.348
-21.609,-54.673
-4.039,60.674
68.885,3.194
-57.271,12.576
-60.989,29.147
-16.866,-61.293
56.805,-4.12
-23.15,67.995
-1.189,48.598
-50.384,27.195
19.451,-27.827
-50.585,-4.365
-58.998,-8.016
-15.636,17.718
20.729,26.194
-18.399,-51.929
49.257,6.352
-29.267,8.662
68.314,-13.079
-68.949,15.312
-9.394,-39.056
4.083,-37.424
-24.822,59.451
32.514,6.603
-12.919,56.796
-55.514,-34.983
49.525,-13.118
-52.307,-33.586
32.689,26.213
-27.077,-30.334
75.111,8.421
3.06,12.335
14.051,32.207
12.179,43.465
83.983,-19.557
-43.48,-16.954
-30.683,-51.876
5.069,44.263
19.008,40.236
22.537,-42.259
-23.49,51.687
-12.699,42.503
-52.094,24.291
87.147,-9.289
15.763,33.489
-31.63,-51.692
18.983,4.307
-58.07,31.181
22.172,36.396
49.741,4.498
-64.143,8.121
-63.128,-4.855
-32.711,-45.113
81.343,-9.977
-53.577,23.172
74.719,-18.251
-25.58,-35.431
-58.444,36.594
75.581,1.875
17.06,-41.528
45.573,-0.749
13.581,61.93
-9.114,-60.884
77.364,-17.207
4.139,13.898
-69.39,14.197
26.431,33.225
22.151,31.336
24.621,-40.431
16.189,16.342
17.778,-11.381
-53.46,25.565
-26.52,48.775
9.678,56.856
67.831,-10.902
28.257,-35.7
-2.62,18.83
-7.609,-38.715
-47.387,-21.747
-10.927,-35.583
13.133,19.12
-26.332,-61.784
80.847,-4.377
57.773,-0.416
23.614,-14.885
-39.49,4.336
74.175,-4.2
-1.307,17.619
-36.254,63.233
-43.875,-13.34
33.54,-19.498
21.912,17.452
-18.112,-41.255
-24.878,-50.78
25.475,31.285
-59.375,4.023
-27.527,20.566
23.475,-29.992
-4.301,-36.724
-61.629,26.968
-50.814,31.956
-50.886,-32.392
66.785,6.433
-32.248,-46.023
88.488,-9.84
-36.611,-9.525
-7.13,58.781
-38.699,-3.863
-19.987,13.439
24.593,-3.38
-4.35,-34.84
-14.374,-45.139
77.079,-0.661
-59.857,5.613
16.565,63.307
-29.08,43.678
11.916,-9.164
-3.733,-5.819
20.351,35.919
6.317,11.722
-52.305,3.909
-0.405,-64.638
24.395,-0.215
65.158,7.236
73.262,5.934
16.041,11.164
14.649,49.592
-52.79,6.149
-12.147,-23.65
29.36,-28.87
17.624,-7.13
16.039,29.319
21.465,-44.858
-14.015,33.582
-12.672,-7.516
3.558,60.125
-49.62,35.959
76.26,-19.436
-54.367,-29.449
-44.832,-30.803
2.225,60.168
-46.347,-14.111
-14.043,-38.034
-15.033,-42.073
54.441,-14.944
-29.623,-35.964
-10.795,-43.212
83.114,-4.523
24.521,-25.643
15.088,59.91
-10.678,32.52
-39.489,4.344
8.695,8.687
18.558,-33.67
-55.701,-25.685
-19.678,-33.994
22.295,-41.814
22.175,12.221
20.148,28.66
-58.606,14.267
9.944,1.552
-47.067,5.709
54.16,-0.755
-47.399,-29.218
-22.089,-48.042
-18.224,1.99
-16.318,3.108
8.542,-3.169
72.769,-27.345
74.958,-8.191
87.894,-15.83
-48.555,15.161
21.487,15.529
-13.994,-61.666
80.883,-25.436
20.127,12.862
35.171,27.754
-12.196,62.498
-33.144,12.372
34.02,6.159
-7.916,-72.148
-60.606,-11.371
6.206,-38.308
2.088,-52.696
-54.641,-11.334
-9.026,37.047
-1.05,33.962
-32.061,-37.667
27.514,21.549
18.846,-12.679
-2.292,54.187
25.224,-31.542
-18.323,-16.311
14.888,3.115
8.551,-15.604
-56.781,-29.622
48.984,-13.316
-11.849,40.567
-62.436,18.814
77.914,-7.29
-4.982,-7.028
-3.704,14.878
62.931,-8.587
30.846,19.77
62.725,2.488
-26.225,-57.679
-24.11,58.416
-20.415,39.94
19.459,-41.223
-41.212,-21.26
-12.616,-61.531
-32.995,-13.692
-9.009,-60.875
-49.734,-33.211
-28.098,30.895
-25.622,-64.041
81.392,-24.077
46.362,-3.595
1.956,21.886
0.028,22.01
-41.519,54.016
-43.002,-3.941
16.297,-8.806
21.344,-5.999
45.56,0.109
8.946,-62.286
-35.914,59.947
22.407,-18.783
-66.027,17.458
-11.606,-67.93
47.983,-7.494
52.948,3.368
-19.075,-54.251
-52.463,-14.17
53.851,-18.751
-6.841,43.174
20.898,56.726
20.178,-15.333
18.219,1.71
-9.012,-4.669
-20.843,-27.099
37.026,-4.111
24.909,-27.172
-21.245,44.831
66.341,-5.803
1.84,-45.658
-28.557,-6.96
-13.077,-49.844
7.739,8.234
-29.651,49.535
3.604,60.022
53.565,7.03
24.837,30.287
70.727,-6.522
29.045,4.054
63.744,-4.781
30.418,23.109
-37.077,33.819
1.238,-54.384
30.247,0.922
-20.05,-55.47
-62.204,16.105
-53.426,-18.715
-51.797,-12.608
46.29,-18.251
-16.098,-33.116
-56.849,40.258
-60.826,29.102
-28.731,41.958
30.512,24.484
-28.937,42.199
26.422,-2.296
12.928,12.494
-10.311,41.796
-17.047,56.829
7.658,19.743
-60.208,24.416
15.279,28.461
13.345,-32.157
-27.2,15.205
18.821,42.299
50.529,-12.365
-19.21,-70.11
-31.424,3.75
86.918,-3.996
-13.855,37.074
-11.018,-10.138
-57.037,13.042
-13.748,46.689
26.504,-20.843
-59.485,-8.531
-32.736,33.818
-47.217,-18.936
9.978,34.851
15.976,41.666
24.05,27.846
71.897,-12.878
-19.924,-46.434
-48.482,28.057
-13.483,6.106
24.463,17.927
-8.012,-56.614
1.849,-20.508
20.881,59.656
12.187,-13.633
-51.447,26.374
87.441,-5.419
-21.227,30.452
70.151,6.74
-14.309,15.357
-16.079,-37.903
47.148,-10.878
-11.764,48.228
2.081,-44.556
19.265,-30.271
-12.55,57.294
8.687,-4.672
68.188,-27.783
-4.97,-61.222
16.101,46.507
-25.487,-51.913
-25.116,-36.88
-29.747,34.891
13.407,23.473
25.754,2.397
6.518,-13.33
-12.928,-53.952
-51.849,17.457
10.322,-6.105
-8.609,0.956
-9.993,35.024
-5.003,53.339
67.657,-19.269
-1.632,-35.596
14.398,-37.992
41.331,-6.071
-4.844,43.852
5.601,18.029
-56.105,35.289
5.44,23.535
-6.124,-45.948
-37.042,24.864
31.926,8.266
-57.838,7.001
12.307,62.196
-17.767,56.211
-22.072,14.964
-14.042,-29.507
-33.888,30.867
-25.533,-58.688
64.8,-11.21
67.68,-25.078
-13.82,-40.06
11.615,-16.475
26.389,-4.058
1.06,-50.022
23.108,-29.726
-8.815,-0.63
-5.108,36.956
71.825,3.114
84.608,-16.443
69.327,-29.438
55.393,2.731
-9.222,-5.253
-29.802,-18.764
-46.202,-30.508
3.805,-3.306
-22.718,-44.407
79.956,2.665
88.724,-10.548
25.524,-7.152
-3.118,-71.987
-5.962,15.785
-10.945,-35.667
-19.953,-38.139
-2.06,28.832
18.98,-23.06
-23.272,33.769
-38.008,9.078
68.58,-3.461
-23.224,-42.537
19.325,-2.61
83.198,-6.509
-8.235,19.405
-51.106,30.885
76.97,1.551
-0.997,15.733
-14.511,44.167
74.191,0.864
-45.739,-11.736
-30.047,54.73
6.398,18.521
-37.039,32.162
81.203,-16.208
19.673,32.813
18.917,38.078
-48.86,-11.505
7.529,-4.605
10.029,44.346
0.031,39.201
-64.188,8.134
85.855,-12.163
-29.109,-42.078
54.453,-5.58
-28.371,19.62
-51.836,-9.02
8.943,33.704
-37.975,-12.239
-7.138,-6.921
-32.425,-45.332
-57.624,13.484
-51.895,-24.154
67.596,5.058
49.365,-20.163
-22.941,20.276
-4.124,37.753
23.997,-38.742
-50.185,28.651
-33.445,30.79
-39.733,-0.767
22.59,-41.478
-18.03,51.258
-3.914,62.497
10.461,-3.721
-36.361,63.641
8.414,31.965
-34.363,-1.999
-24.954,-53.786
-32.151,39.483
49.264,4.902
-24.258,-53.143
-11.921,6.936
9.502,37.152
-48.528,-33.618
-39.75,-8.136
18.588,-22.284
-56.473,-7.549
-0.974,15.929
-62.908,-17.967
-18.303,68.798
-25.435,52.207
-35.511,36.99
16.233,31.522
-55.103,-18.496
46.13,2.179
10.59,8.838
54.639,0.918
-24.568,38.941
-51.39,30.97
-17.643,-41.121
-52.108,0.099
-3.481,-51.529
76.466,7.808
-63.912,11.741
17.686,40.814
-5.132,63.416
20.731,57.724
-19.597,-41.924
-25.519,49.255
82.555,-12.971
-31.369,23.757
15.238,58.343
-52.916,-33.075
86.034,-14.691
13.312,27.283
-48.95,-11.2
66.571,-28.583
-31.858,51.17
-55.291,-1.788
19.862,37.132
8.522,16.789
-24.944,-60.024
-63.161,35.908
-11.384,-34.046
-8.608,-59.835
-43.487,-8.338
12.23,26.622
25.129,-25.837
-52.311,31.774
-35.958,11.073
17.53,-31.783
-2.904,47.244
-36.288,62.086
22.636,13.561
-55.743,-36.147
-20.763,-57.733
78.425,-1.932
78.547,-1.602
5.369,-63.366
81.631,-8.752
-58.45,2.65
-13.669,47.545
47.585,-14.839
10.721,-17.074
-8.499,-54.31
-10.63,-16.369
-27.555,33.958
-5.997,-52.232
5.841,36.44
-20.699,-43.177
8.07,-8.304
-1.61,-61.276
-10.035,34.116
-16.03,31.474
-10.026,-8.409
-1.25,-69.859
-13.491,-61.855
7.778,-4.761
-52.324,-20.218
13.225,2.944
64.306,13.37
-32.205,-34.616
13.223,26.835
-9.151,36.331
-26.837,14.338
-30.898,48.677
-2.588,-5.573
6.164,11.678
16.302,-4.026
-56.474,-23.472
-13.272,-65.221
-4.85,-66.103
-23.818,41.491
-5.646,49.798
-51.659,15.453
26.874,8.971
22.461,-42.118
-3.051,-62.165
-28.616,63.703
19.106,-41.563
-60.91,22.644
-29.313,-57.464
-27.6,23.244
-32.264,41.888
-18.044,43.265
-28.819,63.381
-62.119,-10.025
14.06,35.433
-27.402,-12.822
82.19,-18.819
-12.097,-29.835
63.761,-16.235
25.683,40.14
25.177,-44.418
-0.414,21.561
-1.651,-67.229
-11.49,-10.463
-23.353,37.772
23.541,42.501
75.032,0.024
-47.027,2.522
-21.511,36.588
-46.848,-15.329
-13.001,-58.751
13.63,-25.408
-47.054,3.54
-55.693,-34.496
-38.048,63.573
4.847,13.471
-35.958,37.897
-8.599,-67.039
80.706,-9.096
54.277,0.947
18.739,-37.084
28.328,18.366
19.217,-7.895
-16.696,28.606
11.772,15.308
-20.641,57.061
44.962,-11.44
76.097,10.886
21.494,15.615
18.24,-7.14
21.308,-0.112
-3.101,-66.034
28.864,-32.1
-21.783,-40.862
-53.396,-16.682
-21.191,41.942
-42.966,54.046
-7.276,14.349
-23.323,35.507
-9.662,-24.457
-12.337,24.899
-48.044,1.395
5.158,37.237
-6.171,-67.366
-22.135,56.376
9.569,19.63
76.274,11.038
-63.999,8.247
-63.454,1.172
16.733,-18.653
-59.072,33.28
53.346,15.609
-49.806,-6.188
15.277,26.363
-13.353,49.058
-29.651,-52.902
-59.427,3.074
-29.806,51.005
6.358,-17.59
16.085,14.085
-12.158,39.036
-2.79,12.834
-10.129,49.636
87.276,-8.24
11.211,-11.198
-15.393,-27.175
-20.058,-31.834
55.432,15.101
31.1,24.96
21.339,22.176
-15.483,-37.5
-53.39,-15.88
-52.46,-0.187
-62.683,27.673
58.971,4.078
21.848,19.738
12.85,14.53
-17.931,-47.94
9.127,-8.354
6.003,-8.847
78.429,-5.353
72.71,6.93
20.728,25.284
-37.523,-4.771
20.62,0.517
77.726,3.329
-12.221,60.723
-30.918,41.72
-24.865,11.698
51.445,-17.442
42.298,-12.941
-28.905,-17.368
23.186,22.621
46.147,-15.801
10.461,-28.552
14.276,19.356
13.512,46.776
51.67,-4.847
-63.107,-20.042
-60.629,23.053
-12.632,-8.38
-39.39,-0.87
-5.179,30.512
31.22,21.994
-23.533,20.701
-18.25,47.298
45.743,-1.344
-8.986,-10.499
-48.625,34.641
7.611,19.673
-5.067,-18.406
4.935,19.362
50.322,0.554
53.797,5.397
-16.253,28.542
-20.879,57.456
-29.967,55.812
82.546,-11.041
9.796,-7.938
-17.363,-68.986
-5.122,-27.222
-60.625,30.296
18.318,-28.105
68.406,-7.226
46.113,-2.687
24.783,0.766
71.344,-25.896
-24.292,41.09
-63.185,-4.598
29.679,6.466
30.038,10.766
47.755,-2.054
37.078,9.722
81.702,-11.028
-48.707,-12.356
71.437,4.396
48.945,2.652
84.045,-16.925
-20.857,36.514
23.229,4.368
79.931,3.285
-62.079,18.551
-59.953,26.874
-8.185,29.786
-12.646,-32.251
2.289,61.437
17.053,41.275
49.533,-10.171
31.565,11.93
-21.092,42.943
-49.364,23.758
12.59,13.219
-19.288,-17.736
64.085,1.285
-3.589,50.875
-59.954,3.622
-0.718,-63.24
-2.595,-53.576
-15.29,-41.834
-9.924,-56.698
-12.874,-38.534
-8.456,-41.437
19.686,-36.956
26.881,12.139
-6.297,-63.853
-48.72,-3.457
-7.244,-7.611
68.973,-13.412
-51.858,25.687
82.081,-8.506
-16.029,-46.647
-5.292,14.403
13.637,29.011
27.068,36.135
83.394,4.471
14.208,53.951
74.717,1.539
65.045,-6.294
-63.412,18.154
14.279,13.784
-52.924,-26.038
69.478,-19.222
6.243,-6.191
45.361,-4.955
10.332,5.119
-46.22,-30.729
-16.618,-38.44
-43.485,-15.336
26.193,-20.375
-24.095,-45.804
16.728,-30.14
69.402,-16.778
15.418,28.506
-55.996,-6.224
-48.242,25.902
-49.228,-2.357
-26.076,-31.397
18.143,-17.911
-16.627,-53.773
19.795,-18.937
-64.384,23.404
5.391,31.499
-58.488,23.874
-52.891,13.417
-5.593,14.933
-50.822,-3.545
-55.554,1.668
-26.063,-37.599
-4.956,-51.411
-37.844,-18.284
6.545,41.549
19.714,-1.836
6.888,-12.652
50.732,-3.497
28.005,3.171
-56.728,-4.999
71.67,-27.596
68.004,-27.536
8.473,12.36
-53.242,-22.71
79.367,-16.024
11.401,44.136
-10.482,-65.198
13.886,53.522
80.968,0.647
15.89,44.199
26.478,-20.873
15.508,-5.922
-37.658,23.821
12.832,-3.33
18.286,-7.489
57.312,-6.806
14.326,15.513
-57.297,34.297
45.017,-3.97
-34.668,26.585
-12.285,-12.078
-40.217,-18.76
14.289,-38.047
22.597,16.388
-38.439,-3.106
-36.513,65.004
-21.781,-42.29
10.415,-12.873
-47.305,1.918
15.46,35.779
66.407,1.145
-64.029,23.722
-57.052,30.219
-53.53,-18.585
-18.437,-58.521
-48.83,-21.017
26.046,29.75
18.698,-8.457
6.791,10.664
13.848,13.381
-12.26,37.084
-2.739,16.627
16.451,53.755
-10.331,-45.49
19.361,-10.907
85.703,-14.969
-49.558,-3.107
-55.473,-32.378
-28.924,-41.595
-19.19,-48.922
-59.697,-5.255
42.609,-13.172
-20.948,-26.976
9.315,-62.17
75.209,-0.618
49.832,4.149
10.339,-9.51
22.09,0.064
-30.008,-52.013
-7.265,53.545
18.835,36.552
1.763,-38.301
-33.795,21.465
-10.035,49.613
50.455,8.214
18.944,28.055
-1.052,-35.383
8.22,38.323
62.194,-1.639
-13.41,-48.636
15.475,60.622
-27.691,52.098
19.351,-38.227
58.503,-0.578
49.205,-0.243
13.797,9.937
-7.624,-37.16
-12.397,25.269
-3.58,13.886
67.95,-4.882
31.295,29.708
-29.886,41.117
15.276,26.271
85.679,-6.622
-46.378,-20.395
77.491,-11.118
23.13,-15.08
78.046,-22.818
75.861,-12.207
77.042,-0.769
-10.672,55.845
35.631,8.484
44.914,-13.34
-31.033,23.453
-42.862,-26.222
-6.544,-3.384
2.263,24.209
81.154,-14.21
37.014,-4.11
-11.351,-28.289
14.384,-3.992
-8.146,40.028
-14.753,7.296
70.129,-24.07
-15.289,-48.02
-11.961,-9.077
-25.647,53.912
6.7,-22.404
7.293,16.846
-17.105,-68.758
30.518,31.677
-48.837,12.906
-5.659,-36.485
-11.002,-38.476
-38.478,-11.69
-60.036,-15.346
45.973,8.255
-21.294,-41.884
35.11,12.344
-39.041,-4.177
-29.534,-64.288
18.323,-15.439
11.209,43.959
77.77,-16.169
-5.086,-29.119
-51.58,-6.577
-13.364,-37.146
-60.984,22.912
-64.127,0.309
1.662,29.911
62.54,-7.796
-6.26,-20.455
-29.579,8.684
-35.892,-9.749
-37.805,15.354
-9.008,39.796
5.85,-27.298
8.089,52.007
-17.862,-58.051
1.181,-32.476
48.326,-8.944
82.875,-17.593
13.246,26.588
55.153,-15.957
-47.773,-4.167
-29.345,61.373
-58.57,16.541
-51.875,21.736
4.686,-3.527
6.137,55.892
-32.404,33.745
-32.786,13.788
-23.479,70.513
-27.434,20.186
-1.601,-43.757
73.77,-19.086
3.447,13.972
-18.742,-42.244
4.205,-38.605
77.582,-6.981
13.83,53.454
85.173,-4.86
19.339,27.217
9.196,23.508
-58.634,-24.421
17.577,-2.542
3.713,19.321
42.16,-3.904
-54.662,2.25
11.444,34.324
-58.264,9.525
-3.017,-6.886
11.784,45.068
18.101,1.446
-42.837,-19.778
-7.762,-38.084
-65.273,9.452
-25.422,52.158
-33.29,34.469
-1.717,14.968
-13.148,-63.668
-57.874,11.133
-44.327,53.958
-17.532,-40.9
-22.443,44.659
-54.477,-14.034
-49.718,22.947
-13.001,64.284
-54.992,37.057
32.644,22.769
-0.656,-32.37
67.666,-28.357
-19.156,61.56
-19.72,-18.018
-47.664,28.77
-27.392,-34.241
-48.245,-2.308
21.44,-3.161
21.789,35.533
-31.935,14.806
24.129,10.508
31.201,25.123
-13.268,30.729
19.327,2.804
7.72,-16.188
66.761,0.626
7.481,-13.944
20.807,56.767
35.863,25.208
6.665,-60.274
-17.251,-35.263
67.839,-19.425
-49.782,33.16
-44.95,-9.349
-13.665,29.963
-29.793,52.072
34.133,6.152
18.919,49.014
-56.181,34.878
20.742,14.694
-21.468,70.369
-18.156,47.288
44.581,-0.736
-51.99,12.839
-10.932,48.764
25.301,-28.243
62.378,3.008
-14.128,-32.164
-18.699,-52.398
-6.904,-2.257
-21.608,-53.799
18.48,12.954
8.702,6.827
23.721,23.485
2.487,6.665
19.898,12.823
-30.76,-50.245
-6.398,-18.233
79.948,3.222
-8.885,-52.99
-24.271,-62.498
21.443,-44.996
56.851,-13.321
-62.555,-17.176
65.307,-4.404
76.806,4.927
6.198,-17.857
-19.661,20.901
-56.613,38.086
-30.073,46.053
-21.314,70.565
26.092,5.248
-25.273,-44.721
-38.281,57.499
-51.201,-32.483
-47.885,-18.053
-30.663,26.857
53.995,-0.9
49.006,-5.387
1.785,36.023
9.493,56.118
-11.971,-53.925
-10.023,-24.335
-48.459,-33.537
-15.526,58.0
78.485,-3.603
-31.287,7.939
-51.991,-0.761
-36.476,40.453
-59.367,6.229
50.505,8.459
16.942,-6.336
-17.896,-58.038
27.38,11.042
-59.068,17.9
-51.214,35.792
18.399,14.453
41.231,2.52
27.559,25.917
-20.322,59.743
3.704,16.965
82.961,-16.204
-24.258,32.846
62.564,-6.583
88.979,-10.445
80.002,8.485
19.32,24.878
-9.012,-30.613
-52.107,-2.755
25.268,-44.233
82.179,1.213
-23.396,-2.921
15.875,24.293
77.833,-16.705
54.133,-7.189
-61.535,30.539
-27.596,23.493
20.597,-17.85
10.201,32.138
-56.396,-29.119
-36.406,-16.041
-8.955,8.345
-2.066,-37.452
12.542,31.274
-9.116,41.436
19.066,-26.063
15.313,47.655
-28.41,22.041
-51.079,-25.278
23.88,16.917
16.995,-1.595
-8.465,-13.341
-59.117,-16.019
9.752,38.987
9.028,18.169
43.653,1.104
-31.574,10.813
-25.205,-49.791
45.679,-14.594
-14.739,39.336
-30.999,-9.19
21.434,22.176
-57.173,30.895
24.185,40.107
69.402,6.5
-21.106,-17.625
-65.906,16.497
-43.208,53.516
-20.357,36.24
-10.132,32.669
-62.705,-20.055
-29.887,41.563
-21.099,57.099
-8.551,-67.594
-31.468,45.167
-12.968,36.0
30.246,1.113
-60.919,16.797
-20.977,43.193
9.395,37.417
-8.278,51.053
42.509,-4.833
60.505,-0.707
46.104,-18.11
78.076,-12.821
-25.45,-35.655
77.017,-16.503
14.475,-16.394
20.592,-34.046
-20.569,-33.12
49.938,1.233
-5.124,-29.134
19.496,29.034
43.193,-2.644
29.33,-29.063
-36.816,31.158
-11.941,27.983
-60.444,6.954
-53.186,16.797
-10.424,-31.091
-7.208,-59.536
-0.434,-56.751
-56.129,-24.607
-59.298,-14.772
-44.37,-22.516
58.693,-7.148
-18.387,-17.874
-65.024,24.759
81.333,5.293
16.428,-19.483
-48.994,20.457
87.353,-11.835
32.611,10.968
-31.109,54.549
-5.451,-33.976
-8.498,-67.647
85.873,-6.471
79.128,-0.2
-50.515,-1.957
-38.754,-6.594
-11.583,56.101
13.887,-1.809
9.434,43.667
17.614,-16.648
2.985,12.17
8.945,62.153
53.3,1.988
-62.837,-19.318
68.415,-12.001
-50.492,8.09
3.089,21.314
51.054,-15.331
5.112,44.762
67.831,-11.857
18.157,11.778
-12.135,-23.715
-23.512,30.485
11.788,44.873
-22.134,-52.515
-28.315,19.31
-5.012,-67.242
20.468,57.292
69.328,-27.826
24.281,-41.331
2.082,24.558
-11.463,-43.225
-61.851,-5.973
-52.063,24.214
-20.731,-19.475
-55.076,-22.89
62.806,-2.941
-41.857,-1.969
-33.651,22.39
6.929,25.387
13.361,-12.674
-12.476,-11.856
33.352,12.455
19.6,39.595
50.325,-3.737
-19.381,-67.899
15.418,26.307
-48.183,-8.233
-17.57,38.907
42.589,-13.266
42.244,3.619
23.956,-5.709
-56.074,2.595
-47.815,-9.413
-10.517,-6.188
-0.15,38.932
-37.492,60.845
-32.094,-29.935
70.218,-11.885
-28.518,50.272
70.349,-26.754
-15.926,-32.042
21.367,0.171
61.589,-7.469
-61.732,7.31
14.074,39.432
-3.654,62.54
-44.743,3.095
-39.384,-5.082
22.134,39.378
-53.81,17.002
-57.279,34.099
-29.78,-59.774
-21.601,40.522
-49.081,-25.317
-48.215,-2.268
-24.825,-9.412
-56.858,38.315
1.866,-65.68
11.792,-11.37
-18.015,-47.65
4.551,-10.351
-28.449,-65.434
52.302,-3.328
85.63,-4.668
16.884,-38.674
-28.841,63.502
15.475,33.46
-19.216,-37.805
-3.732,-69.066
3.304,52.041
9.396,40.096
-7.223,45.251
-12.65,-22.153
25.94,8.762
7.976,18.453
-62.19,24.423
17.177,-14.322
23.47,-5.34
-35.735,36.973
-2.911,-10.566
11.189,36.797
-56.326,5.155
-48.463,22.815
3.461,16.55
20.422,-7.108
70.753,-26.177
11.234,-11.245
-11.129,-58.469
23.951,-31.695
-6.039,12.282
-15.129,34.02
0.383,52.805
-48.364,-25.913
-53.587,-37.914
-17.557,-47.078
-43.295,-23.288
9.451,-44.278
60.996,0.023
15.142,-29.899
17.191,1.764
-0.509,-58.886
-39.621,-8.516
43.427,-3.504
-58.555,18.892
52.631,-0.282
46.902,3.138
-24.082,37.364
59.849,-0.755
1.622,-40.693
-51.665,-19.177
-8.056,58.629
-55.495,31.771
-22.312,-36.036
12.991,19.519
-49.933,10.914
-26.781,51.823
10.378,17.417
0.348,36.466
-62.287,-11.321
22.791,15.269
-9.219,-73.772
-9.286,-28.809
12.138,-12.365
-61.763,15.418
35.854,25.615
-53.493,-23.902
9.122,10.769
55.541,-4.721
-58.621,32.609
-0.614,0.758
1.158,54.461
84.515,-6.222
-10.46,-16.142
85.911,-17.261
-51.083,5.156
-7.3,-3.456
2.908,-63.105
-54.2,-2.277
-20.706,35.443
-35.381,36.575
81.782,-10.888
-14.655,-8.828
18.559,-6.992
-25.994,34.988
6.8,-22.425
29.52,1.25
57.448,-5.707
-13.68,-32.898
-17.46,57.972
-0.99,-3.124
-48.145,1.384
25.629,6.468
65.029,-14.836
-63.173,35.396
24.941,-9.207
-43.661,-17.198
-50.822,-20.344
27.218,31.268
-44.622,-25.41
13.177,-31.848
-56.448,-36.202
-61.177,19.964
-3.326,-26.942
-10.275,-43.278
-46.926,6.082
17.919,-7.603
-15.957,-8.025
-29.529,9.103
-1.723,-42.983
32.5,10.587
-56.374,-25.946
-49.931,-26.382
-11.541,45.596
-2.919,-54.137
54.962,-3.257
8.031,51.944
-12.828,-39.444
-60.335,27.192
23.996,-45.076
14.127,16.449
7.942,56.355
-32.356,27.438
68.842,-18.158
22.891,-37.928
-3.836,-49.841
75.262,3.619
-63.259,35.295
26.656,-22.121
-25.332,-44.687
-57.59,21.393
13.58,28.16
-9.29,53.713
19.099,-29.576
-19.897,-52.002
-43.161,-21.897
16.991,47.77
-36.674,-15.879
25.479,-7.884
72.779,-13.176
-8.383,-58.877
-12.621,-46.402
-14.097,17.696
0.362,-1.01
-48.698,0.159
-30.173,-36.955
-20.709,52.242
73.843,-11.645
-23.22,41.269
26.379,26.002
-32.86,27.677
25.764,-43.533
84.405,-12.688
7.372,-4.642
-52.151,31.287
74.27,5.577
-5.821,-55.094
-22.711,72.653
55.618,-4.73
-55.533,-33.872
-13.669,-35.459
-60.427,32.48
70.026,-15.37
-6.848,-0.616
34.093,10.145
50.712,-6.648
78.997,-14.651
80.287,-13.458
-5.578,-8.0
20.265,-18.939
-3.218,-59.064
-48.921,-20.619
4.988,16.057
4.3,35.736
16.08,61.071
-48.222,-14.91
-13.307,46.208
-9.81,-51.118
17.776,-23.601
-58.874,17.833
44.857,-15.719
17.491,43.921
1.204,-62.076
-27.679,12.04
-24.689,41.082
-10.092,-65.254
-19.795,-46.57
-7.697,14.718
12.112,31.865
-30.911,-47.8
2.136,-12.792
46.161,-2.419
70.359,-27.729
71.023,-1.255
-29.956,56.195
74.421,-4.003
-3.03,-31.463
-1.036,48.922
-9.435,-5.656
25.612,-7.152
-9.839,46.001
-9.244,40.003
-38.384,62.426
-54.641,-35.779
-17.443,-68.994
-48.852,6.251
71.813,-16.718
2.82,33.346
-1.367,-69.561
14.57,27.519
-57.876,7.39
82.684,-5.629
27.571,37.327
16.758,49.445
-34.011,41.965
-0.619,0.684
66.91,-25.972
-9.795,-54.548
87.319,-11.82
-1.067,48.855
-3.528,-31.6
18.418,-26.278
-24.68,16.052
13.027,56.96
-2.737,-35.553
-48.909,1.813
0.212,61.348
15.152,12.085
26.933,-8.781
-62.558,15.82
19.255,37.534
-22.555,15.072
6.134,36.319
55.327,0.57
1.273,35.73
-10.208,41.749
71.731,-25.263
18.378,-19.529
-49.361,31.344
-20.264,-56.766
76.153,1.496
70.96,7.038
19.221,-41.346
-10.628,-11.663
45.072,-7.849
-49.515,33.485
63.024,-12.701
18.328,42.796
24.606,9.112
-51.813,-13.814
-13.573,-51.514
-4.996,33.605
13.229,-4.87
-11.126,33.029
74.628,1.064
28.448,-37.291
-51.094,26.717
43.998,-2.198
-56.947,29.321
-23.079,-42.044
68.601,-13.31
80.963,-24.832
-19.323,19.024
-21.242,41.861
60.396,-4.074
-43.425,-22.282
26.859,3.846
16.702,41.342
-55.662,15.808
43.657,-10.739
-64.97,18.789
35.329,12.961
-34.023,33.452
-51.354,27.125
7.951,-11.398
16.955,-29.374
1.123,-1.17
5.879,18.459
-28.344,48.071
62.948,-12.739
-6.991,59.639
53.492,1.359
4.098,19.935
-9.616,52.054
22.158,27.23
45.842,0.036
-11.251,32.771
-56.701,11.843
-52.141,13.054
-24.747,15.716
-10.355,39.375
84.189,-14.143
-7.692,-41.216
-37.969,0.237
-17.626,-6.358
50.597,-13.127
28.18,-40.168
-22.335,-63.322
29.724,23.126
-14.021,-70.677
7.823,57.485
-55.335,-3.942
-5.151,-52.178
-4.092,-33.029
-20.622,39.32
53.107,3.207
-47.526,18.167
8.06,-6.926
25.909,-1.764
-10.431,56.009
77.103,3.049
9.772,12.964
-7.047,-60.6
1.128,-39.851
-1.4,-53.177
-18.088,-30.635
12.216,19.715
16.452,24.089
-46.924,-6.105
-17.588,3.457
-12.443,25.207
46.033,-8.322
-22.976,71.338
-48.068,-24.11
-16.212,24.292
14.564,54.914
-20.87,67.814
-15.296,45.037
-45.499,-13.533
10.157,-14.85
53.363,-1.358
-1.567,-32.342
-48.303,4.111
24.482,22.745
-6.786,49.417
30.666,-36.988
-33.806,21.597
-50.704,31.876
18.217,-0.262
-53.92,-6.423
27.612,18.402
48.04,-8.567
-33.039,-13.711
10.89,37.429
75.912,-15.053
23.013,-38.079
-9.51,33.476
-36.801,64.909
-1.582,-0.703
-59.136,3.622
-10.197,-36.876
24.724,-3.842
-47.007,-4.768
-16.009,43.607
-12.473,56.819
-6.133,-29.14
12.236,17.913
33.066,9.954
-13.727,-54.256
17.071,23.2
-6.623,-2.383
-23.276,-33.529
-50.681,-30.389
11.767,33.061
16.339,-21.155
27.771,-40.881
-59.58,7.65
68.544,-32.169
88.858,-10.335
-10.43,38.699
69.543,-17.057
24.364,3.586
19.365,29.768
68.867,6.331
-7.146,-1.884
67.896,-27.083
-38.747,-14.123
24.765,-1.64
-26.627,-57.31
-17.935,51.444
-13.569,34.497
26.013,0.65
43.085,-7.325
-7.361,-38.215
-4.318,46.996
-14.924,-9.672
25.568,14.992
-57.942,23.045
-13.127,30.927
71.909,-16.761
-24.317,38.435
-33.058,12.198
-23.147,-65.089
-8.632,-37.564
8.828,39.155
-60.179,23.239
7.778,19.645
-56.293,-26.662
-18.491,36.856
-37.778,-16.865
-61.963,-2.299
75.123,-19.323
-15.604,30.959
53.806,-16.251
-61.345,6.479
-34.482,26.349
-27.644,34.388
-41.734,-2.322
-18.296,-51.242
15.893,19.754
-2.426,-27.898
55.234,-7.692
6.245,-14.069
-13.542,34.475
-58.157,-24.881
9.113,23.955
-61.102,34.666
21.205,-39.092
-10.332,-12.392
83.09,-21.131
62.501,-4.048
-16.283,-35.934
-63.754,-3.94
9.641,31.949
-20.83,39.157
53.826,-4.019
18.013,-17.379
-15.106,42.358
-62.779,14.611
28.694,-31.637
-44.578,-27.026
-18.24,68.773
-44.914,-23.632
-22.769,20.428
17.495,42.826
33.56,-19.489
-9.686,-10.473
-25.35,-49.998
-6.0,-61.964
72.741,7.323
6.02,26.091
17.239,2.982
-41.956,55.306
-53.206,-11.891
-3.232,-38.674
-9.344,32.374
71.685,-18.566
7.713,8.179
-10.087,47.758
-58.322,-17.005
20.689,-31.567
-45.18,53.018
14.089,20.628
-18.713,34.156
44.17,-14.285
18.119,-34.332
-13.005,-7.577
4.089,21.315
-5.621,44.169
-14.642,-9.115
52.498,1.649
-15.161,60.942
18.039,-2.745
18.67,16.668
8.969,42.177
-27.227,-63.039
-30.018,54.911
-56.172,4.917
60.978,0.797
-49.0,5.24
2.553,-45.541
-6.495,-42.101
-14.154,33.337
63.149,-6.859
-56.74,29.152
26.142,-4.125
49.226,-2.139
-26.957,-60.063
-2.735,0.15
18.619,-28.528
23.807,35.539
-10.838,-41.65
-5.991,15.459
-13.171,42.711
78.205,-0.502
31.131,9.376
-22.364,56.095
1.333,-37.52
-6.29,-7.157
21.885,-16.647
-3.753,35.56
-20.955,-47.534
22.937,-35.257
49.379,-19.341
53.151,-19.009
20.124,56.554
52.225,-10.426
-1.867,6.885
77.931,-2.212
3.618,-61.347
19.203,-2.808
28.498,-32.591
11.015,9.095
-49.972,-16.525
27.771,-33.967
-31.372,45.111
4.873,-63.151
-9.822,-38.881
-17.149,-60.698
3.115,-11.919
-22.473,-38.064
-54.817,-35.303
29.247,-29.418
-10.846,-41.715
23.563,29.545
-5.24,-35.954
34.876,7.415
-5.591,30.185
6.558,39.296
44.504,-16.821
18.177,20.047
9.07,42.097
9.588,-25.013
54.93,-10.519
80.775,-25.454
-3.566,-34.14
-11.021,-57.748
-42.769,-25.99
18.778,-15.913
48.633,6.236
-57.223,-26.837
9.187,-12.299
-26.018,33.851
28.851,-4.128
81.092,0.269
3.628,16.647
7.937,44.353
9.538,-24.884
-29.422,-36.563
-16.105,36.796
15.352,-0.784
11.566,-16.462
-11.799,-71.811
-23.166,-2.468
-9.076,-33.701
86.416,-16.039
-0.538,12.943
18.145,-6.121
29.273,-29.131
-13.751,45.727
19.94,4.822
2.183,-65.916
8.307,61.847
-21.493,-50.235
15.284,53.104
29.543,16.721
24.521,10.582
-19.127,35.988
-23.176,38.58
-11.921,57.429
-59.493,18.357
-0.002,-70.542
5.171,45.52
-55.071,-2.134
12.253,-3.149
-13.658,45.944
-0.886,-38.575
-15.025,60.615
-5.23,-2.461
-26.902,-68.338
17.936,25.131
70.224,13.435
-60.802,-1.902
75.339,-12.2
16.877,-27.865
-19.191,-48.943
63.377,-5.166
-6.97,-51.811
-55.184,-25.713
-12.715,-46.011
-13.673,-51.81
-31.399,26.901
-54.682,-32.197
-23.054,-37.974
84.521,-7.29
-29.814,21.59
-10.527,-16.199
-16.254,-7.935
62.729,-3.09
29.235,1.51
18.781,-19.11
-2.793,-33.732
-4.176,46.596
-25.964,-68.576
-51.631,22.841
-8.214,53.725
-16.465,-7.84
-26.219,33.224
-42.371,54.173
-7.638,-29.809
-25.602,59.965
-22.134,68.332
-52.224,3.531
6.474,17.932
-6.437,-72.35
-51.283,35.402
-60.054,1.661
-15.065,60.66
-20.518,64.21
30.608,1.133
-22.519,20.665
79.284,-12.532
69.526,8.571
-27.163,-60.996
23.634,35.702
-60.697,34.546
19.494,-26.634
2.06,24.49
16.7,-34.991
-6.196,-57.868
25.978,10.274
18.708,54.249
-1.58,-62.331
-18.017,-48.222
13.375,43.107
14.332,-8.428
-49.538,31.39
-25.787,14.063
-28.168,-59.515
-12.038,60.927
-5.755,30.094
65.269,-8.728
18.438,36.674
-12.496,-40.988
-63.365,18.941
81.346,3.242
-4.805,17.666
15.864,54.362
-17.121,-59.873
-22.106,-67.744
-3.839,-7.527
53.538,-16.716
-32.64,-35.545
19.935,-12.743
20.977,-38.049
21.696,-17.781
4.226,-37.192
-60.878,26.064
-18.245,-53.195
-23.464,-54.752
-22.644,67.152
7.346,-11.814
-7.389,51.53
68.893,-3.585
2.538,33.6
-8.83,56.443
-7.093,-67.837
53.686,5.322
-2.451,54.032
9.572,55.961
-27.882,-41.437
-47.249,-28.996
17.435,-26.941
26.722,-20.821
-16.23,24.291
-9.65,-47.106
85.289,-5.817
21.035,-13.549
-26.927,-68.341
-47.391,13.398
-27.956,-34.074
81.845,-11.97
18.735,-18.263
-48.249,8.829
10.235,-6.272
9.312,35.613
-37.532,24.143
66.811,-14.861
-58.221,17.12
-56.143,-33.212
76.609,-1.371
59.21,-3.698
49.766,6.472
89.032,-11.79
25.93,-8.565
24.187,-29.697
14.331,-4.656
-27.814,-62.419
-2.198,39.794
54.244,-0.518
78.479,-5.294
49.822,-5.273
-54.067,21.262
8.021,-12.79
-27.063,-58.83
57.582,4.774
27.61,-33.715
-51.24,-30.36
-51.428,13.231
28.573,5.14
-52.257,1.241
51.75,-3.893
4.22,9.448
-61.289,15.961
21.048,-14.332
-38.566,-6.566
-49.246,31.931
-16.108,3.19
-8.437,7.37
58.05,-8.852
24.178,-14.428
-28.182,36.875
1.39,18.642
-20.354,52.611
23.472,-24.861
75.194,3.527
17.825,-16.686
-12.411,6.795
-18.287,-36.886
-21.154,-32.491
81.096,-9.967
-0.908,-65.568
-51.622,37.058
8.996,-10.314
4.475,45.166
-2.026,14.731
-45.289,-27.833
4.747,10.197
-54.85,-27.366
18.189,13.903
74.023,-0.093
76.048,9.615
19.703,-38.086
28.021,28.442
50.498,-8.116
17.107,56.836
63.281,-18.882
-54.389,-32.205
-25.321,51.094
-51.032,26.657
-24.082,-62.485
-56.379,36.029
-43.315,-8.366
-65.698,18.297
-15.697,33.085
-47.285,9.638
-21.045,68.29
11.048,-3.463
-24.571,-61.894
-2.789,-40.392
7.726,-8.138
13.701,61.934
-36.625,-9.693
-49.506,3.692
7.023,27.089
-49.634,36.248
6.23,1.713
0.2,-70.588
-7.944,-62.627
-60.104,-8.276
-47.841,19.844
12.453,62.143
-47.683,-4.319
-63.451,12.005
19.206,3.897
-51.828,-17.458
-20.301,40.373
-39.224,-15.184
-7.276,-45.085
19.7,-23.444
-23.087,-44.829
22.182,-15.714
50.371,2.432
85.362,-5.328
-31.359,-37.89
-15.465,-36.228
-30.792,-52.607
10.552,46.894
79.281,-21.167
17.589,-0.892
-3.126,-58.941
-15.99,7.679
-24.067,49.666
-44.708,-25.452
18.193,-25.92
-23.27,54.868
-43.769,-3.045
5.215,-3.625
22.5,2.11
-16.332,-42.434
-4.742,-41.689
-16.374,7.064
-35.01,42.851
2.759,11.717
4.299,-15.089
-25.8,-46.87
-2.632,0.985
32.006,37.841
85.528,-1.139
16.735,63.648
4.925,-57.058
-15.741,-44.978
21.073,-16.804
33.458,14.476
-11.437,6.511
-21.324,-47.613
2.683,15.987
-9.261,39.686
-1.978,-61.041
-53.607,13.027
16.966,1.638
16.338,-29.901
-10.142,37.545
-30.153,16.268
25.098,-40.767
-16.226,-8.07
80.042,6.549
40.801,6.019
41.273,2.7
-52.595,-22.3
22.913,1.869
-5.88,-72.417
28.799,21.386
12.166,9.362
25.704,-5.54
-19.437,46.801
-25.253,60.611
-36.833,30.573
30.981,13.03
-38.741,57.011
-2.255,28.212
16.379,-21.265
-21.897,-54.814
-27.193,19.631
18.749,-33.887
-20.194,-18.606
8.542,5.166
-59.675,-14.548
19.03,27.818
85.317,-3.603
20.981,-20.935
-5.473,-38.01
-31.722,-37.725
79.882,-14.406
7.189,-19.824
8.684,36.053
16.515,18.26
83.631,-7.414
-49.096,11.369
2.034,-12.488
-3.978,-37.086
-32.604,25.476
25.43,35.401
31.773,37.793
10.145,56.455
30.594,19.009
69.311,-13.272
31.528,25.973
-1.292,1.637
-49.127,-11.011
12.203,-0.513
24.452,11.836
-16.322,42.785
23.017,40.82
8.692,12.57
-43.984,-15.15
-17.133,-36.221
-26.964,50.226
-31.036,8.137
-49.984,-28.962
18.186,44.466
35.655,9.434
26.471,4.067
-28.082,48.09
-4.395,-31.818
-2.76,47.074
-55.84,39.002
-28.925,7.064
-6.055,-18.289
-44.684,-2.618
-56.331,-29.481
21.812,-33.476
-10.798,-29.38
-23.103,37.656
11.752,45.189
-58.037,30.228
-29.08,-51.423
26.972,-20.09
-58.542,22.608
-9.047,34.936
-17.48,-59.001
16.068,28.241
-60.366,13.082
-49.16,26.286
3.92,43.808
-18.912,41.698
-5.131,-66.078
13.394,-25.388
-47.738,0.957
-2.57,-54.512
-32.639,13.636
-31.603,26.046
-5.959,-4.521
-60.505,-1.265
-5.587,-35.35
-3.155,-63.316
51.851,0.85
10.509,5.079
-12.203,30.377
-51.409,-35.026
-44.768,-19.345
29.458,29.133
48.987,-1.309
-16.773,-50.552
18.42,35.186
60.927,-5.102
49.063,2.646
-12.871,-37.536
-24.001,27.127
-3.415,-6.799
-16.298,-52.74
-13.94,-45.83
-26.085,-63.858
-13.536,-48.145
-31.293,23.733
-13.974,-51.965
-55.436,-16.717
-20.973,55.311
58.353,5.343
12.902,27.711
-9.393,-10.58
-60.287,2.563
-20.659,-19.461
35.194,16.377
18.859,-26.662
41.722,-1.445
23.603,42.18
62.876,0.649
-52.702,22.406
71.398,4.568
-18.261,55.978
-18.144,-33.077
19.228,0.54
4.403,-38.013
-16.525,-34.513
-51.591,19.586
22.156,31.263
81.354,-17.285
9.126,14.798
26.58,9.209
-8.783,-60.081
-26.379,-59.938
-57.7,-6.193
48.847,1.341
74.585,-15.805
-1.628,-27.228
5.638,16.801
-47.984,-20.854
-30.13,52.715
29.044,30.823
-57.313,37.978
-64.46,20.186
52.632,15.125
6.036,19.09
-4.547,-50.833
23.098,-32.455
0.122,39.4
82.119,-17.576
81.417,3.196
-49.64,23.516
-6.755,52.87
16.715,16.052
-1.842,-32.99
-56.569,5.215
40.506,-1.799
-15.7,34.843
44.814,-7.498
77.3,-16.41
-32.075,41.713
-52.184,-0.078
70.613,-26.581
-34.028,21.151
-14.002,-29.718
46.193,-12.271
10.962,48.031
-20.015,-35.333
-13.647,-49.642
-13.63,59.391
-45.253,-9.955
-2.999,16.525
14.426,60.886
27.905,8.971
24.197,-28.307
65.463,-5.974
-4.227,46.885
-13.993,-54.74
31.124,3.725
88.04,-8.924
13.717,-3.451
-4.558,-46.695
-3.356,-49.292
13.284,44.216
51.429,6.679
-52.165,16.131
-3.671,-72.195
75.37,-8.125
4.384,-36.575
-13.623,-70.014
53.015,-11.348
19.846,15.211
-12.49,48.365
63.787,-14.656
77.37,-17.751
-41.838,-6.017
33.731,7.674
-7.37,0.356
-43.345,-19.503
-45.486,-2.521
-60.644,23.234
19.163,-37.807
-46.286,-16.404
-58.737,7.461
-24.842,11.646
-29.589,-52.735
-40.086,-9.656
23.251,-20.848
-0.616,-0.486
50.566,-6.683
13.999,-3.779
-62.246,-6.371
6.131,36.102
2.301,6.644
-32.326,26.927
-12.968,-50.21
66.467,-8.758
-51.223,-15.315
78.404,6.332
-48.37,23.194
3.2,-10.441
-47.886,-20.052
-14.612,47.564
-17.172,-40.489
-1.223,38.849
8.73,-13.919
28.429,-38.556
23.831,-1.567
-21.937,36.97
29.121,31.097
-16.072,56.958
72.219,5.901
-6.639,-8.23
0.93,60.894
-59.321,7.363
-3.836,-66.436
-21.873,-49.531
-22.108,39.783
-50.502,14.07
30.381,32.542
-54.562,-24.867
-48.353,-23.159
-10.172,-45.109
-47.954,20.596
36.518,24.802
9.987,-0.869
-8.701,53.714
-17.05,-55.078
-17.36,-56.332
-48.849,4.886
75.007,-18.011
12.638,29.408
-4.182,62.967
70.278,-5.845
-62.789,18.797
8.365,54.757
62.095,-6.157
-23.65,67.92
19.142,2.605
-18.488,36.643
4.206,58.972
-18.934,61.766
18.999,47.644
-48.823,-20.661
-51.802,-6.861
3.357,15.009
-22.283,31.585
50.783,-14.897
1.087,-38.46
-49.753,30.846
-39.261,-4.977
-9.462,33.533
-36.018,-7.734
-20.954,58.225
0.779,-1.143
-8.21,19.378
23.098,-26.122
-60.126,18.533
-33.252,25.571
66.62,0.016
-45.706,52.454
61.422,-5.853
25.679,15.288
-11.137,7.16
-24.164,11.897
-8.771,-9.136
3.472,17.307
-8.131,58.957
15.45,44.654
11.605,-3.294
24.188,-24.074
-27.998,-61.151
84.095,-18.179
16.598,41.253
22.116,-40.508
34.859,18.107
20.985,2.023
-9.357,48.309
-61.142,19.39
3.732,4.701
-15.199,42.42
-11.69,-31.573
-12.414,44.421
1.601,-63.109
20.419,-7.198
28.213,22.902
5.012,58.309
-11.94,-54.301
-6.02,-10.479
-17.653,30.726
2.052,-36.717
-9.182,-2.823
-24.135,54.361
-9.714,-24.415
-8.607,-60.273
17.499,-34.459
-25.969,-30.142
82.279,-17.677
-9.844,-28.562
-53.566,-8.895
7.956,31.963
-24.488,11.103
-56.723,-35.324
8.556,8.475
23.467,-24.464
47.543,-11.806
-62.504,22.072
-39.134,61.685
-22.128,34.966
54.318,-2.545
50.673,-13.324
24.045,-3.058
-47.683,28.748
18.855,-39.889
-5.114,39.85
-13.615,-59.522
-64.721,23.52
-48.878,-17.079
6.542,-14.058
-18.961,-59.046
-11.514,-66.1
-9.449,-61.178
-32.359,-36.461
-16.143,24.191
-30.834,-36.298
-66.406,17.549
20.256,-5.408
-9.136,26.884
36.015,24.89
-0.265,17.554
3.413,21.725
6.269,-9.835
26.328,19.4
-53.488,-24.557
-15.422,-26.646
28.214,-4.484
32.839,1.094
-59.195,-7.953
34.152,16.15
-9.56,-57.495
-63.654,11.311
-17.614,-6.402
-22.015,48.925
-58.41,-11.815
16.081,-14.513
-52.063,-13.113
-7.453,51.738
51.103,8.082
14.139,10.339
21.292,-38.841
13.723,9.598
84.575,-15.164
-20.691,-38.643
13.438,40.358
83.461,-18.853
-5.244,-4.517
-9.095,-27.942
-42.085,55.282
-18.359,-48.129
-53.215,22.524
-55.771,18.463
-46.398,-14.512
18.904,47.614
-11.135,34.987
21.07,60.048
-49.542,6.096
19.342,-23.739
-13.757,37.165
-10.808,-45.936
-1.575,-53.521
-35.815,-10.187
-10.68,32.548
-27.889,-61.336
-24.139,-64.333
-19.628,-50.195
-55.347,-1.568
20.754,37.458
-59.368,22.589
31.376,28.582
76.745,9.801
8.88,14.904
-14.431,49.321
75.117,0.647
11.031,-43.544
-27.824,56.051
-62.817,-18.19
76.586,-7.39
2.191,-12.698
-47.685,-20.798
21.372,-9.602
10.279,35.099
-58.132,31.945
-61.526,30.462
52.302,5.955
-18.059,-33.019
-21.38,67.029
-29.168,54.495
22.53,26.542
19.067,0.51
23.193,-32.492
-61.363,0.86
52.011,-10.283
25.167,-2.41
31.307,16.378
63.27,-2.485
-6.82,-51.467
-18.62,-50.561
68.923,-15.243
-37.729,63.059
-28.449,-58.021
-36.16,-9.752
55.25,1.286
-68.547,9.68
48.12,-14.679
-46.727,-20.868
-16.625,-48.296
-27.299,34.176
19.838,30.351
74.882,-16.162
71.819,3.886
12.941,33.842
-18.079,43.85
43.586,1.336
51.12,-4.492
-19.261,35.767
56.497,-1.357
-44.519,-23.324
-8.743,-52.179
86.967,-14.552
53.907,-4.151
11.886,35.382
-9.182,-58.174
36.374,11.996
7.651,-13.622
72.1,-13.767
86.061,-3.242
18.876,7.102
23.505,-25.558
-28.828,61.936
51.826,8.152
-26.88,61.165
6.985,-7.108
10.54,56.323
79.369,6.78
43.537,-0.822
-26.72,-59.449
58.393,-12.193
-10.862,-43.174
-59.062,33.145
6.43,56.429
-0.724,32.606
-36.882,-12.916
-48.818,1.956
-21.571,18.401
23.746,-31.513
10.114,51.897
-55.491,7.789
-18.041,35.41
66.735,6.476
78.514,-0.667
-10.068,55.105
56.069,-14.322
-56.168,-26.722
70.818,-25.616
-55.687,-23.978
-9.087,47.072
0.789,38.219
-32.989,42.511
-1.89,-0.409
22.801,-35.367
-24.247,27.064
-61.031,26.178
-53.436,8.659
59.448,-8.06
-33.184,42.499
32.506,15.604
-10.342,47.961
-8.749,-64.093
74.992,-19.01
-57.855,10.106
-0.383,-58.732
32.469,22.601
27.049,-40.834
10.708,8.756
85.406,-10.321
19.005,-1.669
-64.768,11.588
6.561,54.675
-45.365,2.926
-0.655,40.99
12.445,40.179
-27.36,57.308
75.331,-12.979
47.274,-13.707
-20.047,-35.746
16.108,11.141
43.102,4.245
-22.855,67.184
-58.519,17.855
-22.458,56.229
80.039,-23.438
-27.939,20.512
-18.923,59.615
18.454,14.849
-14.28,2.539
-54.694,-17.406
-11.243,-49.128
-24.777,33.66
-48.491,13.107
-14.028,17.514
19.646,38.951
16.657,-17.043
-62.775,-7.696
18.009,13.422
-47.904,-3.4
-16.231,-52.153
-53.222,5.216
-58.993,33.107
23.221,33.469
-34.489,42.649
-0.556,15.881
-29.582,-6.25
-18.098,-53.93
-11.064,-50.686
-63.572,-12.602
18.668,-36.811
7.089,11.888
-3.99,38.297
-9.476,7.13
-22.536,68.925
19.837,9.406
63.681,-6.083
7.831,57.666
68.032,-28.105
-45.117,-23.625
12.862,-12.692
-17.849,57.008
-8.843,-64.183
-7.7,25.995
-59.993,3.179
18.261,33.815
-6.479,58.872
-17.391,-52.303
-32.807,32.052
29.699,6.494
80.932,-25.14
-55.157,-15.303
-14.247,46.219
-56.7,34.892
-9.211,-29.593
-17.269,-5.459
-26.807,-30.404
-20.303,33.271
-20.407,-40.866
24.23,39.881
26.875,-25.439
12.47,-14.008
53.074,-3.862
-52.82,-7.228
51.95,-2.682
25.589,6.107
-36.975,31.79
14.875,48.081
-48.957,-10.798
63.579,-7.804
45.508,-16.068
62.902,-5.662
-9.806,-10.217
-38.482,-15.748
-44.824,53.824
-31.404,-40.298
1.312,20.453
4.421,17.69
34.464,17.968
-25.101,-43.75
49.363,-16.632
24.989,-28.939
52.621,-14.979
-62.505,-18.66
-13.36,43.84
-63.041,35.668
70.946,-9.371
11.578,-8.762
-13.78,-63.281
-49.272,-25.727
15.276,36.222
-40.003,-5.769
-6.067,-66.537
-21.843,15.087
-4.627,36.582
7.47,-16.028
6.846,57.177
-60.577,29.457
-2.384,-34.209
-59.136,0.508
-20.692,-41.577
-55.121,-6.112
-3.84,-64.128
-51.633,-26.437
-27.384,21.155
-17.155,-57.526
87.422,-5.077
17.849,-36.868
23.825,-1.324
71.738,-20.074
-67.763,12.142
10.476,62.056
79.28,-20.255
-48.917,5.848
29.488,-2.768
-55.286,2.412
-8.8,36.163
-60.404,6.894
23.301,-13.948
-27.102,-38.699
13.041,2.766
-13.085,-25.181
-29.201,62.888
-11.054,48.585
-11.264,25.51
51.776,-9.435
-59.555,4.216
-62.587,-19.596
-60.591,0.168
-12.129,-32.337
-25.723,17.02
-50.304,-32.846
-15.482,-27.888
-37.473,25.048
-63.372,-5.116
-15.001,-45.738
36.51,5.535
-55.715,17.043
-8.683,19.935
5.218,19.24
-48.346,0.106
58.351,3.449
16.443,-14.173
-44.35,-13.754
-26.613,16.126
69.977,-15.184
-23.27,70.826
-14.77,28.624
-62.126,36.294
-51.62,-24.038
-47.533,-14.622
-53.771,29.389
-64.713,5.295
40.343,-2.264
-6.676,-8.141
-29.061,42.628
24.296,-27.058
-56.686,11.85
-67.514,12.231
62.101,-5.153
-48.076,-32.217
4.506,26.439
23.146,-28.612
-19.832,-68.575
-49.77,-34.938
-51.001,27.276
-12.639,-22.134
-50.064,24.045
1.893,44.635
-47.253,-0.172
-49.006,24.504
47.878,-13.938
-1.517,-70.076
38.673,6.094
36.719,9.099
76.469,4.478
-7.188,-6.697
-8.758,-48.21
-28.918,31.887
-58.5,3.465
-48.09,27.072
-6.992,-58.234
-13.297,-61.887
-12.746,48.503
5.562,47.271
-16.933,-52.775
18.66,27.994
44.019,-3.688
75.865,-16.807
-49.965,-32.962
6.948,25.046
17.089,-41.521
16.032,11.268
2.731,42.45
52.228,-4.064
7.266,-19.875
5.741,-9.691
53.694,4.435
-55.047,-29.861
22.757,-39.013
18.021,-30.086
-6.056,-72.402
-64.65,23.453
-15.34,-56.302
-13.161,-44.37
-15.436,34.313
-28.265,44.987
27.893,3.854
72.748,-13.884
-32.278,-45.303
19.896,-29.175
-10.937,34.954
-27.605,-58.466
-23.766,-64.909
88.958,-9.093
43.662,-15.607
-13.759,-57.511
48.721,-6.179
-11.601,-63.771
14.913,32.449
22.408,-40.61
-4.215,47.936
-27.499,60.72
-39.889,-9.779
-23.553,42.396
-3.307,-66.624
-6.81,-63.297
29.381,28.49
84.092,-8.299
14.098,30.777
-58.524,23.912
29.182,-33.205
-11.988,-52.035
19.118,59.145
52.119,-18.557
-58.551,23.486
-7.692,26.281
-8.225,-59.123
52.224,-1.331
3.056,13.464
-70.142,14.26
-59.788,5.573
-27.612,18.155
-17.862,-51.642
-26.287,-50.51
-25.712,50.154
28.36,-5.004
13.176,-6.69
80.935,0.011
20.516,-7.521
21.776,-22.78
1.175,-54.375
15.574,-9.106
-5.094,-18.408
45.075,-8.99
75.457,-19.726
32.922,8.825
-11.71,-48.351
2.18,-52.463
-52.863,14.405
3.831,-8.815
9.151,-3.456
28.153,-33.262
-37.681,-13.73
89.017,-12.333
81.231,-24.241
-56.532,34.785
15.915,13.84
9.699,14.626
-31.448,-2.887
19.824,29.984
-60.61,8.123
18.167,46.103
25.624,10.202
-68.674,13.793
-62.132,25.257
27.508,-4.522
10.589,-11.075
-38.866,-16.33
80.222,-22.862
-60.408,5.883
-15.795,36.587
47.771,-12.059
14.961,-28.957
-47.736,28.656
48.263,-7.865
15.288,59.374
42.884,-3.867
-30.99,54.931
-8.791,-67.102
19.011,-39.184
15.952,40.086
23.964,-41.085
59.082,10.235
-19.561,-50.471
-50.049,28.273
56.634,-1.439
-50.644,18.363
9.337,43.571
35.283,33.619
70.222,-8.361
-57.341,32.716
-32.228,-35.06
-54.31,-36.009
-48.759,-34.525
-63.522,11.851
2.362,11.807
-61.907,11.892
-36.584,-5.526
-30.898,10.541
-52.391,5.664
57.411,-0.365
-15.485,-29.776
86.045,-3.506
-10.968,59.281
-19.424,37.105
48.576,0.509
23.768,41.726
85.603,-4.303
-25.49,60.252
2.256,61.467
-16.4,-36.688
34.0,10.94
-50.608,-17.147
-51.625,6.695
-49.182,24.467
13.103,-21.076
32.0,11.384
14.419,33.37
48.892,1.388
-39.893,-14.029
-61.456,18.38
46.889,-7.635
81.074,0.306
71.158,-29.03
68.142,-8.214
-10.499,59.696
1.217,60.531
58.403,5.337
29.03,-31.592
-14.27,2.578
23.429,-15.159
63.754,-6.656
26.62,19.314
-27.231,12.415
-17.258,25.793
78.876,-6.426
15.432,15.159
26.95,0.791
9.245,23.919
28.475,21.099
-50.222,4.165
-31.018,-9.197
33.593,9.156
12.153,9.4
-63.232,18.349
-20.043,-35.258
-4.939,-5.004
24.329,39.513
12.47,17.268
64.797,-10.561
47.863,-8.519
-44.889,-19.74
23.605,24.767
-52.64,-34.815
-5.1,36.582
53.366,-11.391
-49.142,20.377
-11.116,-28.81
76.7,-2.513
-39.711,-8.137
53.652,-14.508
52.065,7.923
-66.183,-1.205
-25.01,47.337
35.21,6.969
65.09,2.004
-16.431,-5.323
1.315,-62.256
4.862,26.733
16.82,-33.396
17.147,-26.67
5.498,13.084
-37.52,-3.608
-46.801,-18.095
0.23,18.383
-55.374,-31.108
9.254,-14.333
87.073,-13.878
-33.128,25.976
-24.363,-31.301
15.678,-4.276
5.28,25.054
-63.009,-20.515
85.802,-11.65
55.085,-2.955
-24.847,-9.413
-44.407,53.065
-4.884,-45.842
35.385,8.299
-20.252,-36.258
-9.163,-73.509
-55.28,15.308
16.646,-36.302
5.718,-58.78
-15.951,59.87
-1.064,-3.282
-17.38,69.056
-54.689,28.299
-4.064,-61.242
-17.347,-69.835
-60.982,4.885
45.176,-15.757
2.161,45.682
67.98,-23.765
15.958,34.608
-8.345,-50.106
-57.19,32.027
26.056,27.646
-36.371,-15.083
-10.781,-36.924
18.175,20.116
-29.757,-62.196
-17.942,-17.398
-17.612,30.82
-24.849,-63.248
20.498,-17.303
22.672,41.262
-10.012,-30.951
54.516,4.721
7.202,9.475
-35.327,41.959
-7.287,16.743
-10.502,61.373
65.619,0.758
-7.929,58.244
-62.0,-15.682
-54.169,-2.27
-57.189,-4.467
0.505,50.327
25.582,8.7
70.7,2.152
45.855,-10.485
-36.663,10.707
-48.267,1.631
77.584,-7.108
15.653,16.127
14.54,19.913
-40.048,-2.594
-25.205,22.77
9.697,24.341
-12.391,-31.146
16.59,51.676
-62.668,3.723
4.723,-11.281
-36.45,62.959
-13.091,-30.11
-20.07,-46.599
-33.332,25.002
-37.809,57.768
-55.509,11.162
-57.965,17.059
14.225,41.317
-5.655,12.15
34.852,24.021
-20.915,-50.938
-34.585,23.291
85.13,-13.891
-17.987,38.862
-63.575,1.485
-60.465,13.62
3.212,17.891
-10.364,-45.599
-45.031,-13.14
-29.578,-6.241
16.51,-41.614
-49.224,-19.624
-19.538,48.194
4.268,-36.624
25.868,38.142
-50.729,-20.863
24.087,36.899
9.945,62.416
-21.243,42.505
65.991,-2.142
-53.046,7.713
-1.843,51.008
21.772,-24.213
43.654,-2.349
12.118,32.963
-2.238,-69.111
12.449,36.388
9.607,-25.058
31.056,21.795
28.774,-31.685
-15.187,43.084
-0.675,-28.222
-49.972,-35.939
-35.341,42.889
-33.714,26.388
5.927,33.45
27.451,11.196
-13.619,5.91
79.178,6.448
1.858,-56.9
-19.757,-67.742
30.039,-0.892
11.57,13.914
-47.625,-10.284
57.661,-3.311
-59.334,27.023
28.251,-39.588
51.194,-4.72
-22.096,67.732
-14.777,65.238
19.717,-35.442
-26.45,49.464
1.434,59.835
-3.941,-65.163
-17.033,41.851
-13.027,43.084
81.502,-6.22
-20.981,29.703
71.862,10.544
-21.224,67.593
62.972,1.786
-61.819,6.696
-55.197,-34.792
-58.37,16.031
40.449,-2.101
-59.313,39.734
28.463,27.221
-32.075,39.41
-20.416,58.807
21.031,3.249
17.839,32.249
2.322,-20.605
-19.933,57.492
60.332,-0.151
-57.55,39.464
-8.025,36.131
-23.906,-54.379
8.325,-11.385
38.679,6.118
-20.719,34.256
-54.345,-6.426
77.565,3.233
9.751,14.591
-27.782,-36.978
-4.438,48.177
-28.683,58.362
8.216,52.597
-2.436,41.757
-13.507,-32.557
-26.314,14.019
58.145,-8.851
5.098,-38.409
20.686,-31.371
-58.23,35.849
-19.339,54.355
33.256,8.232
69.558,-11.979
-56.7,12.721
-7.762,-29.635
-39.829,-4.017
-11.762,-9.487
-60.59,-17.652
-19.291,-17.523
-29.249,50.117
-49.4,23.588
-47.955,-15.901
-23.504,-50.319
-6.562,-42.008
-64.098,23.479
18.665,16.165
-45.526,-16.687
-13.106,-31.079
-39.653,-3.132
-11.768,6.745
4.316,-15.096
54.034,-12.704
-18.632,56.036
-39.702,-0.49
13.624,59.532
40.904,-0.601
-5.926,43.967
-18.088,47.247
-45.666,1.572
-52.646,-35.552
-2.041,54.386
1.89,7.224
88.838,-8.839
-17.116,-53.419
41.842,6.16
80.362,2.157
-52.188,-3.723
-59.375,28.46
-7.922,26.784
5.63,7.286
-17.277,-4.955
-2.83,16.809
-21.016,-26.66
16.695,-31.6
-25.722,-46.694
9.808,-8.253
-55.407,11.528
-29.473,-40.372
20.303,-34.765
-1.155,-27.82
16.41,36.053
-10.603,46.036
-54.181,-19.581
-55.334,-25.713
6.074,-59.811
-60.672,8.209
-21.993,15.008
-5.889,-39.544
-21.033,-17.712
-20.434,-56.413
47.744,-12.381
-51.67,-37.08
-3.567,-5.207
73.616,3.97
-1.08,31.651
20.853,-15.886
86.362,-16.047
10.731,56.354
-25.373,-49.877
-27.265,5.443
79.745,-11.921
46.99,-4.052
-31.142,53.025
-63.921,22.645
3.229,25.784
-9.012,-47.176
-11.463,-3.825
9.028,-17.79
7.897,-8.068
-10.942,-22.765
73.139,7.13
-15.406,47.764
9.672,10.682
-18.185,-52.825
-21.946,-55.24
4.766,11.865
-45.566,-28.997
-19.321,-47.064
-58.257,-35.782
15.147,29.892
70.631,-8.176
-12.964,-61.756
12.831,19.703
-1.051,32.072
-24.971,47.291
69.13,-18.296
85.268,-12.916
16.112,-28.274
-31.494,25.898
-3.206,-40.42
-61.301,24.794
20.759,21.374
81.647,3.406
-42.142,55.298
-4.591,48.885
-62.051,16.151
70.514,-4.689
52.519,-7.422
19.1,58.703
8.754,-1.144
14.987,1.939
-62.698,27.15
24.649,-27.601
-18.461,-55.468
49.922,-0.176
14.598,61.998
38.921,11.968
-12.252,39.115
64.694,-9.965
34.816,17.931
-52.91,-21.313
-51.142,8.776
-32.498,-35.422
8.061,35.468
30.957,29.744
67.961,-25.704
12.885,-0.044
-49.513,-37.617
27.353,31.237
-57.562,7.204
39.149,12.029
19.146,-27.455
38.397,-4.518
24.667,-36.749
-28.949,51.416
-51.877,-28.221
-27.449,51.775
79.273,6.026
-60.289,6.457
20.786,25.765
14.677,18.143
7.921,-7.636
14.65,21.291
27.943,9.039
-19.604,-43.122
79.818,3.154
41.955,-5.328
-51.758,-12.733
86.186,-13.536
-62.828,11.218
-60.806,2.274
-4.106,-62.296
-13.717,-44.363
-28.041,18.209
20.091,-29.973
-37.0,32.785
22.869,16.816
9.918,40.952
-12.057,-11.335
12.26,-12.153
5.487,8.248
19.71,2.515
46.59,1.947
-21.491,-26.236
20.095,-28.673
-26.732,18.884
-19.423,32.345
22.265,-9.642
-20.542,25.018
73.229,5.998
5.796,23.754
-21.785,-53.708
-58.571,27.945
-9.528,-36.085
53.053,-18.968
6.299,8.604
21.266,13.646
-38.276,-7.118
-51.832,33.832
41.681,-2.629
25.952,10.422
-21.448,-58.564
55.121,-2.088
-1.003,63.673
-39.527,-0.427
-15.129,-53.049
-51.297,3.243
8.343,-4.408
8.293,5.646
-4.488,-46.549
9.691,41.535
-9.279,50.346
-11.686,-34.164
-20.568,-68.986
-12.789,-48.507
-55.602,-37.746
25.317,35.952
-57.727,22.719
-14.419,37.312
54.161,11.931
-48.011,-19.573
-4.556,53.596
-47.014,-32.449
-8.999,-73.294
22.68,-32.033
32.498,8.341
-14.554,-46.69
-54.369,21.695
9.847,32.353
-35.156,2.25
-46.416,-16.87
-20.11,-63.746
-5.442,-34.586
10.843,57.008
85.076,-11.999
13.942,33.714
-3.686,35.527
28.437,-38.948
-30.788,14.06
18.992,2.464
-39.302,57.652
-37.057,-9.855
16.966,-37.83
17.035,12.154
-47.949,-23.987
-13.553,-27.336
-26.644,-57.239
19.289,-28.577
21.608,-6.425
-57.394,-4.212
49.093,-1.344
53.77,-0.427
-26.055,-30.115
-55.824,-24.453
-51.136,34.75
-55.909,17.001
87.637,-6.016
16.375,59.867
5.776,-59.404
-3.375,-36.672
2.117,45.174
71.146,-28.329
18.571,24.332
-15.888,7.445
-27.11,-38.847
-45.626,-2.199
25.593,39.985
-22.039,48.955
18.178,27.398
-53.492,-8.914
-11.822,57.565
6.833,31.169
83.468,-16.011
27.045,5.698
-19.545,21.192
22.334,-38.382
-12.653,-22.132
-58.262,-16.29
70.686,-15.318
79.293,7.067
24.376,-2.719
-52.151,-0.51
-8.42,61.286
-33.796,33.915
-12.508,42.858
17.317,25.234
49.426,-5.258
-29.913,41.115
-31.443,3.802
71.85,10.453
-0.578,49.743
-16.972,-60.789
15.1,28.438
15.852,55.304
-22.039,18.386
71.788,-11.983
-27.723,-58.798
-58.017,3.3
7.583,-8.153
-55.818,31.794
-5.009,50.938
-7.729,26.669
-19.441,-42.239
14.542,-29.304
76.531,-2.523
17.768,31.189
36.358,24.749
-63.638,25.841
-48.149,-32.729
66.586,5.542
-6.257,-20.309
-45.115,-21.405
13.417,44.221
43.475,0.578
-15.945,32.686
-14.027,40.887
50.561,4.285
1.074,13.104
-8.466,13.462
28.209,0.316
55.322,-10.976
27.711,-12.609
-25.846,20.626
-46.585,-3.816
-14.468,35.831
67.595,-11.251
-63.577,2.001
-59.929,29.165
-31.724,24.4
65.863,-11.394
-20.399,63.406
5.816,8.366
78.878,7.263
26.706,14.405
6.777,-34.009
4.397,-38.301
17.366,-5.459
18.746,-25.033
-41.371,-21.401
-53.518,-16.707
32.851,26.048
-24.837,18.329
-7.841,64.231
-0.117,51.836
-49.23,-29.725
1.011,-39.43
-26.857,16.459
-13.689,-46.744
-17.926,-17.424
6.21,17.18
-45.886,-26.18
-56.396,-24.92
-10.711,-29.604
20.461,9.345
-19.481,54.23
-21.243,-36.225
48.189,-6.594
-58.025,-14.182
-32.129,25.194
48.786,-0.762
20.347,4.774
-10.622,-38.881
-24.885,-53.109
-24.727,42.558
-4.077,-53.449
67.507,-27.833
-6.586,60.681
-8.95,-47.23
17.889,-8.916
-67.743,8.635
13.89,49.594
-38.65,-1.751
-18.638,-36.529
71.12,-15.431
17.014,0.154
3.855,13.518
-12.071,-34.679
41.756,0.874
20.514,-3.158
-56.726,-8.434
-0.114,20.429
-56.641,-3.596
68.404,5.655
75.078,-0.246
66.176,-9.133
-14.307,-42.389
-13.181,59.315
19.64,58.612
-59.41,1.181
-62.268,23.927
40.892,-8.189
69.261,-24.874
23.491,-39.669
21.185,-39.261
-19.14,60.887
27.792,-41.329
17.245,43.335
23.303,4.465
12.39,-0.364
-49.027,31.345
1.178,-49.766
15.635,34.726
-7.484,45.571
22.26,-40.334
-25.41,53.4
-40.122,-13.93
-55.729,-7.994
20.32,57.918
-57.211,10.939
-48.773,-18.398
-21.44,-55.067
54.869,-7.377
-54.491,-11.431
2.815,-8.501
-3.781,-7.41
1.506,-59.908
-51.68,37.121
63.985,-2.389
-20.131,43.893
-22.633,-36.416
5.568,-39.432
83.882,-20.381
-40.69,0.384
-11.071,-24.238
15.108,14.672
40.473,-4.281
26.37,-6.9
-57.938,9.761
70.615,7.437
17.212,43.484
-17.093,42.797
-48.019,19.798
-18.452,-17.586
-20.612,63.636
-6.647,-34.901
5.364,58.107
33.552,30.161
53.102,1.833
70.011,3.109
-36.408,40.46
29.17,-33.202
21.485,24.677
0.588,53.086
-1.309,1.717
23.924,-22.512
-28.935,-17.4
78.32,-20.649
-43.288,-8.81
28.354,-37.582
9.878,62.762
-48.732,21.938
-48.922,-8.913
-4.983,47.712
13.843,37.974
-55.617,-4.219
54.652,3.092
-61.372,27.019
-15.205,-54.411
-62.653,-7.544
17.887,-3.965
2.021,21.774
12.276,34.451
7.904,31.744
3.407,5.168
-31.889,12.901
-2.626,-56.628
43.382,-15.607
70.435,-8.641
20.23,-19.205
-58.464,7.324
-19.008,-69.874
9.026,33.834
17.314,-0.751
-65.444,17.285
-22.916,35.998
-49.433,35.691
14.043,38.201
-18.793,-54.766
-64.019,22.268
-16.345,-59.599
-21.719,72.41
4.645,44.995
2.234,27.705
-57.902,16.136
8.065,18.436
50.564,-14.073
-22.489,-56.287
71.583,6.252
-48.99,-5.432
83.636,-20.176
-21.549,-66.179
49.879,2.141
4.605,9.604
43.11,-5.5
22.065,-16.127
44.036,2.57
-53.146,22.224
72.773,5.519
51.795,-12.222
71.278,-28.04
15.744,31.156
-17.582,29.167
-13.96,49.115
6.752,11.821
-10.525,-22.581
-68.789,15.373
-43.17,-19.913
-68.817,15.433
-55.255,-15.886
12.146,-6.942
-47.966,-31.882
-57.442,-33.156
28.692,9.187
-21.494,53.972
5.071,-57.755
-46.883,-28.634
-10.699,-62.999
14.295,48.127
25.457,6.808
-24.854,-34.619
-23.385,-61.187
-7.72,-40.927
45.87,-7.576
-46.081,-20.261
-19.162,27.573
6.149,55.812
12.012,-6.943
41.482,-5.448
78.284,8.162
2.91,14.315
1.556,0.233
12.483,11.789
78.341,-13.903
30.917,13.137
15.357,32.808
45.658,-11.651
-40.563,0.183
-53.533,-36.641
12.485,42.799
-55.445,-34.741
-11.497,34.232
44.473,0.9
21.667,-37.707
-38.622,14.879
-27.162,-61.01
20.915,37.677
-25.357,-44.664
81.734,-5.304
9.9,45.218
78.338,-12.669
-20.317,68.049
16.669,60.476
-38.122,9.645
-2.863,-52.972
-19.217,-53.155
73.734,-13.222
-25.64,50.173
-10.809,-31.237
-21.099,-58.496
-51.98,-14.448
49.989,5.352
-7.252,-65.055
45.657,0.208
68.76,-20.782
-57.311,37.049
11.365,34.831
9.935,51.987
28.003,-4.239
20.64,17.532
-57.59,10.196
10.272,35.285
80.363,-14.336
-50.169,14.021
-8.081,59.441
-4.258,52.079
-27.657,-12.851
13.559,10.823
0.092,-63.694
80.368,-17.998
-58.242,-12.415
-50.673,8.024
59.724,-4.039
-32.586,36.239
-16.832,-57.487
-56.327,-7.602
-0.707,-53.333
73.567,-18.707
0.373,-70.584
16.335,62.811
20.205,22.18
1.392,35.943
23.054,46.284
-2.264,22.347
-8.423,-12.032
-2.272,-36.507
-47.583,-18.248
82.501,-18.477
-1.276,40.103
16.152,14.003
-63.235,17.221
-2.439,-66.393
66.375,0.814
-37.672,57.759
5.003,4.624
-14.033,62.488
0.551,17.695
76.881,1.596
76.638,2.302
-15.287,-50.645
-5.264,-62.556
15.453,28.411
21.499,29.211
18.324,-2.005
34.189,13.775
85.325,-7.431
7.576,60.437
49.768,-14.372
-60.209,32.156
-3.706,-5.71
-43.132,-21.641
-62.218,25.744
-7.263,-30.654
25.824,35.654
-46.775,-15.948
25.391,-5.164
18.238,-1.991
43.364,-1.858
27.049,-47.254
-51.93,-25.899
-62.341,14.109
41.216,-8.748
-63.647,-12.394
67.193,4.516
19.284,-38.211
61.082,5.184
-49.929,37.137
9.117,-4.908
-29.181,20.418
-54.178,-8.596
-13.994,-11.789
0.727,16.431
23.971,-19.101
25.389,32.348
-25.698,20.781
83.761,-2.823
42.398,-2.705
-26.531,-48.629
55.043,16.067
4.877,23.841
85.63,-16.19
-21.681,-32.011
-51.888,12.578
-17.509,1.583
14.472,-8.382
27.224,18.783
19.648,35.096
-0.837,11.905
-9.384,43.518
-63.389,16.585
18.656,-15.545
32.375,9.502
12.562,44.989
9.366,8.881
24.623,18.253
28.808,-7.382
29.165,0.352
16.824,6.63
-13.447,48.177
-12.021,-40.953
48.669,-13.26
-9.158,-41.04
33.877,11.99
26.575,2.641
-38.498,0.079
10.923,-1.073
-47.741,0.482
-62.739,13.975
-26.323,-61.736
-3.98,-49.728
63.276,-0.517
-28.314,52.941
-36.802,-15.932
-23.216,-65.025
-18.214,-45.292
-44.843,0.143
24.857,9.223
8.846,-17.867
-19.668,20.951
-55.343,18.707
27.935,-42.007
4.577,-1.251
10.716,36.89
81.591,3.837
24.338,-7.346
-19.311,27.508
-42.832,55.616
-59.832,2.123
2.403,-12.036
-36.794,10.665
44.621,-12.074
-57.674,39.176
76.37,10.003
17.561,-30.474
-20.292,-34.038
76.927,3.621
-60.324,27.983
0.235,-37.46
-0.301,20.973
-25.998,60.92
87.745,-14.538
20.542,42.064
-26.051,-49.78
9.693,12.145
-13.789,5.875
66.265,-16.797
-28.73,41.728
57.413,-5.849
13.958,16.611
-19.276,-33.594
34.541,16.549
-18.414,55.103
-28.474,51.586
-11.126,58.229
-27.478,5.771
29.22,30.036
-50.532,-4.461
-4.527,-5.243
-10.2,-31.897
-22.285,38.154
-60.296,-15.74
-18.091,-32.118
-10.278,-56.912
79.558,-18.31
53.174,15.619
80.326,-11.669
-15.261,30.709
-20.363,-43.67
24.711,7.373
-5.139,53.473
16.599,24.098
-64.584,4.082
-44.872,-15.004
-32.044,-29.548
80.623,-9.478
-24.083,-3.085
-50.851,24.729
-52.108,22.043
53.632,-9.688
43.789,-4.607
46.289,-9.478
35.592,11.628
19.806,39.624
-7.674,-58.295
13.98,-26.202
-7.35,-37.157
5.971,-10.115
73.889,4.077
25.71,-28.259
-18.937,35.829
16.278,59.82
6.233,36.824
9.959,10.495
-22.274,-43.574
73.82,-27.141
24.978,32.389
-16.322,-56.07
-15.191,-41.504
-20.169,-36.123
21.459,-44.862
25.508,31.07
19.066,34.896
10.366,-0.779
4.341,26.21
60.7,-0.296
-40.224,-4.511
-44.583,-27.159
-24.489,51.259
63.944,-1.958
-6.617,-18.21
-10.559,-34.829
-5.013,-6.244
-62.183,-11.259
9.926,62.308
-52.816,-36.995
-0.416,49.77
73.069,2.49
86.182,-4.512
-9.425,-39.043
-31.074,8.429
-9.001,7.747
8.704,0.999
-52.01,-31.521
17.153,-10.999
-54.063,23.079
15.232,-2.172
-14.237,-31.356
-13.029,-31.842
-2.573,-0.22
-29.391,34.417
4.1,-40.028
-51.593,-15.622
-5.265,-0.445
30.602,17.732
-8.097,-34.056
-24.343,-55.223
70.254,-15.605
-36.385,-10.47
-50.89,-37.039
4.818,45.635
-14.422,29.243
-18.08,38.837
19.709,53.442
-2.608,-5.638
-27.827,36.818
-35.979,-9.846
75.405,7.88
-57.201,34.269
-57.481,35.175
-29.132,37.665
-2.949,-32.689
19.879,-1.964
74.593,-17.257
11.687,7.702
-42.884,54.545
-22.441,36.037
-40.764,0.373
-51.742,17.592
16.828,12.208
69.245,-10.665
48.834,-9.194
3.864,45.243
-9.876,-67.258
28.831,-7.181
80.756,-19.046
-54.71,14.23
-3.62,-63.84
-8.616,0.958
-3.241,-32.761
-58.283,14.835
60.839,-11.445
64.12,-1.502
-59.018,30.946
13.848,1.071
0.592,-63.457
-36.474,-16.083
0.869,14.896
68.681,-11.214
-25.969,-31.302
17.274,56.972
-26.995,50.185
14.993,3.231
47.676,-17.0
22.093,36.359
-21.597,35.759
9.343,22.931
-15.782,56.84
88.684,-5.646
-25.91,60.434
-28.209,-52.336
-49.497,-9.418
78.116,-6.595
-11.861,-24.038
-60.42,-16.033
26.474,-25.789
-6.033,-55.728
-46.705,-21.393
-55.382,-35.507
-19.446,56.747
15.744,48.579
65.784,0.749
60.186,-4.838
11.182,35.586
-11.616,-10.96
40.157,-6.755
80.232,-9.601
34.811,29.215
34.328,23.736
49.587,-10.883
-15.137,-52.92
51.438,-5.616
-32.449,26.748
-49.847,-8.38
18.086,37.668
52.694,-5.463
13.875,43.37
62.597,-15.767
-11.755,-71.818
-58.9,2.571
-18.021,-53.611
20.073,16.285
-1.405,-32.397
-17.954,-32.746
-6.544,-62.814
-21.102,30.031
-46.758,-19.996
-65.202,19.588
-48.534,-18.499
7.043,-17.969
45.215,-9.54
2.652,59.759
-58.627,18.374
28.705,16.316
-23.459,-62.864
-25.586,35.887
-1.267,32.205
-8.805,-52.684
-21.278,67.072
-68.558,11.439
16.95,-6.962
-5.223,-2.511
-47.186,5.643
17.522,38.129
3.144,-57.356
-0.224,-40.412
31.057,21.855
-13.969,-39.831
-51.487,-12.592
-11.989,61.069
34.059,6.345
49.017,-0.796
53.271,16.123
-4.934,19.012
19.837,-35.853
-13.15,59.268
-18.956,-69.397
-19.234,32.049
-58.831,-14.214
-31.687,54.959
-5.129,-51.501
-39.214,10.182
18.207,-13.242
55.081,4.257
5.571,47.089
71.145,-15.015
70.865,-19.63
61.804,6.07
-21.593,-49.031
9.226,-62.194
-54.874,-18.334
-67.905,12.567
-35.841,60.844
28.359,22.819
-41.953,55.391
-19.082,34.387
46.973,-3.993
28.256,-40.084
-8.647,-42.36
41.609,1.585
11.52,10.114
74.251,-19.385
-13.653,52.304
29.638,16.57
78.038,-22.908
-13.832,-26.767
14.338,45.896
-57.899,-12.362
-17.798,60.208
1.743,22.648
-10.847,-36.928
-12.288,43.713
87.944,-5.943
-56.936,40.235
-57.42,17.142
40.813,-7.929
48.834,6.966
75.23,3.341
-44.824,-25.626
0.117,17.883
89.111,-8.327
84.595,-17.315
1.923,27.66
15.766,31.377
87.915,-2.623
67.562,-26.528
-9.349,59.231
69.123,3.386
-41.448,54.887
-12.907,-44.131
11.506,-10.334
4.848,23.876
-60.052,15.66
-11.975,26.048
-51.102,17.703
-29.079,37.346
-52.211,-14.128
-51.409,-17.171
75.883,-2.851
-51.454,-37.442
79.045,3.167
-0.274,61.95
-49.74,29.751
-59.474,38.219
62.48,-9.327
2.337,-60.954
-21.585,31.687
-0.871,-38.577
-47.675,-12.374
14.496,45.409
52.39,6.034
31.355,26.023
-20.637,-19.486
-56.85,12.589
9.759,-44.17
-2.142,28.366
-25.15,16.52
-52.298,-20.033
52.436,-15.136
10.471,35.21
-8.559,-62.759
52.657,-0.896
84.284,-15.263
-8.045,17.139
-62.953,3.757
-9.685,-28.881
-47.035,-9.2
29.5,11.428
-5.724,-54.811
-8.08,59.981
70.67,-29.786
-11.998,28.279
53.717,0.856
-61.133,-0.836
-55.313,36.016
40.963,-6.675
-25.005,-65.258
-12.456,-53.111
3.47,-32.929
-7.425,-10.417
-15.321,57.984
4.159,59.059
-45.319,-8.123
25.887,-43.414
-52.033,1.236
-33.795,34.13
-14.343,15.52
52.742,-13.485
28.518,26.211
28.324,-37.683
6.51,37.366
1.043,14.886
2.929,6.202
16.118,54.218
9.881,8.818
-10.099,-47.007
-61.766,22.071
-57.074,36.323
1.041,21.808
-20.953,-52.325
3.712,43.425
13.908,57.038
6.304,-20.038
-60.847,29.924
48.469,-11.199
-39.366,-18.452
67.586,-1.566
71.701,-18.465
10.444,46.347
36.161,10.366
4.966,44.303
-48.632,-4.609
41.78,0.762
-6.675,-18.107
-2.863,-68.502
-63.145,35.224
20.575,28.397
-5.736,55.789
-62.187,35.42
-7.911,60.191
-6.881,-59.71
-17.008,60.543
20.314,28.875
79.131,1.64
-38.477,-5.71
-35.703,11.342
51.848,-10.389
16.424,4.236
-19.053,59.554
-44.29,-21.579
7.066,15.482
-19.915,40.776
-0.24,22.304
-58.655,23.242
-54.617,-31.564
-9.542,-49.141
-10.417,60.105
23.723,-38.38
25.837,-43.441
-39.796,-8.553
-64.636,26.656
-51.246,-37.066
80.637,-12.1
68.933,-20.526
8.283,52.782
7.656,-14.245
-49.558,-29.398
-52.791,-6.882
-25.226,-36.258
-59.504,24.769
85.812,-10.23
-24.706,38.303
-6.611,59.323
-5.381,-36.108
-10.936,-16.94
-0.473,-56.836
3.431,60.3
-39.823,-6.788
